row_id,num_sold
26299,548.1511023755288
26317,500.9246023198769
26335,430.57244475485
26353,526.2017159783506
26371,456.7925709611277
26389,491.5500099462463
26407,504.41220038184537
26425,466.940702301415
26443,538.7457785168099
26461,411.2571585583325
26479,503.13176623105846
26497,356.03316674005225
26515,348.95279988277105
26533,338.0639983884412
26551,317.8441457228091
26569,386.7523253036521
26587,316.97795771122594
26605,403.32437367318863
26623,358.1730239092365
26641,340.03252994386986
26659,565.6671523802635
26677,0.0
26695,0.0
26713,0.0
26731,0.0
26749,0.0
26767,0.0
26785,0.0
26803,0.0
26821,0.0
26839,0.0
26857,0.0
26875,0.0
26893,0.0
26911,0.0
26929,0.0
26947,0.0
26965,0.0
26983,0.0
27001,0.0
27019,0.0
27037,0.0
27055,0.0
27073,0.0
27091,0.0
27109,0.0
27127,0.0
27145,0.0
27163,0.0
27181,0.0
27199,0.0
27217,0.0
27235,0.0
27253,0.0
27271,0.0
27289,0.0
27307,0.0
27325,0.0
27343,0.0
27361,0.0
27379,0.0
27397,0.0
27415,0.0
27433,0.0
27451,0.0
27469,0.0
27487,0.0
27505,0.0
27523,0.0
27541,0.0
27559,0.0
27577,0.0
27595,0.0
27613,0.0
27631,0.0
27649,0.0
27667,0.0
27685,0.0
27703,0.0
27721,0.0
27739,0.0
27757,0.0
27775,0.0
27793,0.0
27811,0.0
27829,0.0
27847,0.0
27865,0.0
27883,0.0
27901,0.0
27919,0.0
27937,0.0
27955,0.0
27973,0.0
27991,0.0
28009,0.0
28027,0.0
28045,0.0
28063,0.0
28081,0.0
28099,0.0
28117,0.0
28135,0.0
28153,0.0
28171,0.0
28189,0.0
28207,0.0
28225,0.0
28243,0.0
28261,0.0
28279,0.0
28297,0.0
28315,0.0
28333,0.0
28351,0.0
28369,0.0
28387,0.0
28405,0.0
28423,0.0
28441,0.0
28459,0.0
28477,0.0
28495,0.0
28513,0.0
28531,0.0
28549,0.0
28567,0.0
28585,0.0
28603,0.0
28621,0.0
28639,0.0
28657,0.0
28675,0.0
28693,0.0
28711,0.0
28729,0.0
28747,0.0
28765,0.0
28783,0.0
28801,0.0
28819,0.0
28837,0.0
28855,0.0
28873,0.0
28891,0.0
28909,0.0
28927,0.0
28945,0.0
28963,0.0
28981,0.0
28999,0.0
29017,0.0
29035,0.0
29053,0.0
29071,0.0
29089,0.0
29107,0.0
29125,0.0
29143,0.0
29161,0.0
29179,0.0
29197,0.0
29215,0.0
29233,0.0
29251,0.0
29269,0.0
29287,0.0
29305,0.0
29323,0.0
29341,0.0
29359,0.0
29377,0.0
29395,0.0
29413,0.0
29431,0.0
29449,0.0
29467,0.0
29485,0.0
29503,0.0
29521,0.0
29539,0.0
29557,0.0
29575,0.0
29593,0.0
29611,0.0
29629,0.0
29647,0.0
29665,0.0
29683,0.0
29701,0.0
29719,0.0
29737,0.0
29755,0.0
29773,0.0
29791,0.0
29809,0.0
29827,0.0
29845,0.0
29863,0.0
29881,0.0
29899,0.0
29917,0.0
29935,0.0
29953,0.0
29971,0.0
29989,0.0
30007,0.0
30025,0.0
30043,0.0
30061,0.0
30079,0.0
30097,0.0
30115,0.0
30133,0.0
30151,0.0
30169,0.0
30187,0.0
30205,0.0
30223,0.0
30241,0.0
30259,0.0
30277,0.0
30295,0.0
30313,0.0
30331,0.0
30349,0.0
30367,0.0
30385,0.0
30403,0.0
30421,0.0
30439,0.0
30457,0.0
30475,0.0
30493,0.0
30511,0.0
30529,0.0
30547,0.0
30565,0.0
30583,0.0
30601,0.0
30619,0.0
30637,0.0
30655,0.0
30673,0.0
30691,0.0
30709,0.0
30727,0.0
30745,0.0
30763,0.0
30781,0.0
30799,0.0
30817,0.0
30835,0.0
30853,0.0
30871,0.0
30889,0.0
30907,0.0
30925,0.0
30943,0.0
30961,0.0
30979,0.0
30997,0.0
31015,0.0
31033,0.0
31051,0.0
31069,0.0
31087,0.0
31105,0.0
31123,0.0
31141,0.0
31159,0.0
31177,0.0
31195,0.0
31213,0.0
31231,0.0
31249,0.0
31267,0.0
31285,0.0
31303,0.0
31321,0.0
31339,0.0
31357,0.0
31375,0.0
31393,0.0
31411,0.0
31429,0.0
31447,0.0
31465,0.0
31483,0.0
31501,0.0
31519,0.0
31537,0.0
31555,0.0
31573,0.0
31591,0.0
31609,0.0
31627,0.0
31645,0.0
31663,0.0
31681,0.0
31699,0.0
31717,0.0
31735,0.0
31753,0.0
31771,0.0
31789,0.0
31807,0.0
31825,0.0
31843,0.0
31861,0.0
31879,0.0
31897,0.0
31915,0.0
31933,0.0
31951,0.0
31969,0.0
31987,0.0
32005,0.0
32023,0.0
32041,0.0
32059,0.0
32077,0.0
32095,0.0
32113,0.0
32131,0.0
32149,0.0
32167,0.0
32185,0.0
32203,0.0
32221,0.0
32239,0.0
32257,0.0
32275,0.0
32293,0.0
32311,0.0
32329,0.0
32347,0.0
32365,0.0
32383,0.0
32401,0.0
32419,0.0
32437,0.0
32455,0.0
32473,0.0
32491,0.0
32509,0.0
32527,0.0
32545,0.0
32563,0.0
32581,0.0
32599,0.0
32617,0.0
32635,0.0
32653,0.0
32671,0.0
32689,0.0
32707,0.0
32725,0.0
32743,0.0
32761,0.0
32779,0.0
32797,0.0
32815,0.0
32833,0.0
32851,0.0
26298,355.6286440760998
26316,297.2348236542508
26334,247.43988003454427
26352,284.7436208740701
26370,230.0535893921023
26388,235.3847510137262
26406,240.1690473393964
26424,215.3424837720088
26442,261.93383236490797
26460,200.0964914234433
26478,261.88109549870484
26496,192.3084514821454
26514,204.86429711156916
26532,215.98043668758447
26550,219.1450415424788
26568,268.16577537786264
26586,239.630608880392
26604,290.1931863484134
26622,264.5806949822725
26640,244.46520371976666
26658,378.1937211386629
26676,0.0
26694,0.0
26712,0.0
26730,0.0
26748,0.0
26766,0.0
26784,0.0
26802,0.0
26820,0.0
26838,0.0
26856,0.0
26874,0.0
26892,0.0
26910,0.0
26928,0.0
26946,0.0
26964,0.0
26982,0.0
27000,0.0
27018,0.0
27036,0.0
27054,0.0
27072,0.0
27090,0.0
27108,0.0
27126,0.0
27144,0.0
27162,0.0
27180,0.0
27198,0.0
27216,0.0
27234,0.0
27252,0.0
27270,0.0
27288,0.0
27306,0.0
27324,0.0
27342,0.0
27360,0.0
27378,0.0
27396,0.0
27414,0.0
27432,0.0
27450,0.0
27468,0.0
27486,0.0
27504,0.0
27522,0.0
27540,0.0
27558,0.0
27576,0.0
27594,0.0
27612,0.0
27630,0.0
27648,0.0
27666,0.0
27684,0.0
27702,0.0
27720,0.0
27738,0.0
27756,0.0
27774,0.0
27792,0.0
27810,0.0
27828,0.0
27846,0.0
27864,0.0
27882,0.0
27900,0.0
27918,0.0
27936,0.0
27954,0.0
27972,0.0
27990,0.0
28008,0.0
28026,0.0
28044,0.0
28062,0.0
28080,0.0
28098,0.0
28116,0.0
28134,0.0
28152,0.0
28170,0.0
28188,0.0
28206,0.0
28224,0.0
28242,0.0
28260,0.0
28278,0.0
28296,0.0
28314,0.0
28332,0.0
28350,0.0
28368,0.0
28386,0.0
28404,0.0
28422,0.0
28440,0.0
28458,0.0
28476,0.0
28494,0.0
28512,0.0
28530,0.0
28548,0.0
28566,0.0
28584,0.0
28602,0.0
28620,0.0
28638,0.0
28656,0.0
28674,0.0
28692,0.0
28710,0.0
28728,0.0
28746,0.0
28764,0.0
28782,0.0
28800,0.0
28818,0.0
28836,0.0
28854,0.0
28872,0.0
28890,0.0
28908,0.0
28926,0.0
28944,0.0
28962,0.0
28980,0.0
28998,0.0
29016,0.0
29034,0.0
29052,0.0
29070,0.0
29088,0.0
29106,0.0
29124,0.0
29142,0.0
29160,0.0
29178,0.0
29196,0.0
29214,0.0
29232,0.0
29250,0.0
29268,0.0
29286,0.0
29304,0.0
29322,0.0
29340,0.0
29358,0.0
29376,0.0
29394,0.0
29412,0.0
29430,0.0
29448,0.0
29466,0.0
29484,0.0
29502,0.0
29520,0.0
29538,0.0
29556,0.0
29574,0.0
29592,0.0
29610,0.0
29628,0.0
29646,0.0
29664,0.0
29682,0.0
29700,0.0
29718,0.0
29736,0.0
29754,0.0
29772,0.0
29790,0.0
29808,0.0
29826,0.0
29844,0.0
29862,0.0
29880,0.0
29898,0.0
29916,0.0
29934,0.0
29952,0.0
29970,0.0
29988,0.0
30006,0.0
30024,0.0
30042,0.0
30060,0.0
30078,0.0
30096,0.0
30114,0.0
30132,0.0
30150,0.0
30168,0.0
30186,0.0
30204,0.0
30222,0.0
30240,0.0
30258,0.0
30276,0.0
30294,0.0
30312,0.0
30330,0.0
30348,0.0
30366,0.0
30384,0.0
30402,0.0
30420,0.0
30438,0.0
30456,0.0
30474,0.0
30492,0.0
30510,0.0
30528,0.0
30546,0.0
30564,0.0
30582,0.0
30600,0.0
30618,0.0
30636,0.0
30654,0.0
30672,0.0
30690,0.0
30708,0.0
30726,0.0
30744,0.0
30762,0.0
30780,0.0
30798,0.0
30816,0.0
30834,0.0
30852,0.0
30870,0.0
30888,0.0
30906,0.0
30924,0.0
30942,0.0
30960,0.0
30978,0.0
30996,0.0
31014,0.0
31032,0.0
31050,0.0
31068,0.0
31086,0.0
31104,0.0
31122,0.0
31140,0.0
31158,0.0
31176,0.0
31194,0.0
31212,0.0
31230,0.0
31248,0.0
31266,0.0
31284,0.0
31302,0.0
31320,0.0
31338,0.0
31356,0.0
31374,0.0
31392,0.0
31410,0.0
31428,0.0
31446,0.0
31464,0.0
31482,0.0
31500,0.0
31518,0.0
31536,0.0
31554,0.0
31572,0.0
31590,0.0
31608,0.0
31626,0.0
31644,0.0
31662,0.0
31680,0.0
31698,0.0
31716,0.0
31734,0.0
31752,0.0
31770,0.0
31788,0.0
31806,0.0
31824,0.0
31842,0.0
31860,0.0
31878,0.0
31896,0.0
31914,0.0
31932,0.0
31950,0.0
31968,0.0
31986,0.0
32004,0.0
32022,0.0
32040,0.0
32058,0.0
32076,0.0
32094,0.0
32112,0.0
32130,0.0
32148,0.0
32166,0.0
32184,0.0
32202,0.0
32220,0.0
32238,0.0
32256,0.0
32274,0.0
32292,0.0
32310,0.0
32328,0.0
32346,0.0
32364,0.0
32382,0.0
32400,0.0
32418,0.0
32436,0.0
32454,0.0
32472,0.0
32490,0.0
32508,0.0
32526,0.0
32544,0.0
32562,0.0
32580,0.0
32598,0.0
32616,0.0
32634,0.0
32652,0.0
32670,0.0
32688,0.0
32706,0.0
32724,0.0
32742,0.0
32760,0.0
32778,0.0
32796,0.0
32814,0.0
32832,0.0
32850,0.0
26300,156.30724683740488
26318,136.1010408021069
26336,111.973985340419
26354,133.86718986987933
26372,112.78864294490397
26390,117.96427426228934
26408,123.94507054531188
26426,116.24249288631131
26444,143.3921373194388
26462,112.65100750259438
26480,145.9585178493974
26498,109.71858130890759
26516,115.00138232597054
26534,116.02969018400753
26552,114.6996103835503
26570,134.52513679192688
26588,115.46760525820025
26606,136.77275439525016
26624,119.67579570089444
26642,107.74409752695513
26660,165.44306052433203
26678,0.0
26696,0.0
26714,0.0
26732,0.0
26750,0.0
26768,0.0
26786,0.0
26804,0.0
26822,0.0
26840,0.0
26858,0.0
26876,0.0
26894,0.0
26912,0.0
26930,0.0
26948,0.0
26966,0.0
26984,0.0
27002,0.0
27020,0.0
27038,0.0
27056,0.0
27074,0.0
27092,0.0
27110,0.0
27128,0.0
27146,0.0
27164,0.0
27182,0.0
27200,0.0
27218,0.0
27236,0.0
27254,0.0
27272,0.0
27290,0.0
27308,0.0
27326,0.0
27344,0.0
27362,0.0
27380,0.0
27398,0.0
27416,0.0
27434,0.0
27452,0.0
27470,0.0
27488,0.0
27506,0.0
27524,0.0
27542,0.0
27560,0.0
27578,0.0
27596,0.0
27614,0.0
27632,0.0
27650,0.0
27668,0.0
27686,0.0
27704,0.0
27722,0.0
27740,0.0
27758,0.0
27776,0.0
27794,0.0
27812,0.0
27830,0.0
27848,0.0
27866,0.0
27884,0.0
27902,0.0
27920,0.0
27938,0.0
27956,0.0
27974,0.0
27992,0.0
28010,0.0
28028,0.0
28046,0.0
28064,0.0
28082,0.0
28100,0.0
28118,0.0
28136,0.0
28154,0.0
28172,0.0
28190,0.0
28208,0.0
28226,0.0
28244,0.0
28262,0.0
28280,0.0
28298,0.0
28316,0.0
28334,0.0
28352,0.0
28370,0.0
28388,0.0
28406,0.0
28424,0.0
28442,0.0
28460,0.0
28478,0.0
28496,0.0
28514,0.0
28532,0.0
28550,0.0
28568,0.0
28586,0.0
28604,0.0
28622,0.0
28640,0.0
28658,0.0
28676,0.0
28694,0.0
28712,0.0
28730,0.0
28748,0.0
28766,0.0
28784,0.0
28802,0.0
28820,0.0
28838,0.0
28856,0.0
28874,0.0
28892,0.0
28910,0.0
28928,0.0
28946,0.0
28964,0.0
28982,0.0
29000,0.0
29018,0.0
29036,0.0
29054,0.0
29072,0.0
29090,0.0
29108,0.0
29126,0.0
29144,0.0
29162,0.0
29180,0.0
29198,0.0
29216,0.0
29234,0.0
29252,0.0
29270,0.0
29288,0.0
29306,0.0
29324,0.0
29342,0.0
29360,0.0
29378,0.0
29396,0.0
29414,0.0
29432,0.0
29450,0.0
29468,0.0
29486,0.0
29504,0.0
29522,0.0
29540,0.0
29558,0.0
29576,0.0
29594,0.0
29612,0.0
29630,0.0
29648,0.0
29666,0.0
29684,0.0
29702,0.0
29720,0.0
29738,0.0
29756,0.0
29774,0.0
29792,0.0
29810,0.0
29828,0.0
29846,0.0
29864,0.0
29882,0.0
29900,0.0
29918,0.0
29936,0.0
29954,0.0
29972,0.0
29990,0.0
30008,0.0
30026,0.0
30044,0.0
30062,0.0
30080,0.0
30098,0.0
30116,0.0
30134,0.0
30152,0.0
30170,0.0
30188,0.0
30206,0.0
30224,0.0
30242,0.0
30260,0.0
30278,0.0
30296,0.0
30314,0.0
30332,0.0
30350,0.0
30368,0.0
30386,0.0
30404,0.0
30422,0.0
30440,0.0
30458,0.0
30476,0.0
30494,0.0
30512,0.0
30530,0.0
30548,0.0
30566,0.0
30584,0.0
30602,0.0
30620,0.0
30638,0.0
30656,0.0
30674,0.0
30692,0.0
30710,0.0
30728,0.0
30746,0.0
30764,0.0
30782,0.0
30800,0.0
30818,0.0
30836,0.0
30854,0.0
30872,0.0
30890,0.0
30908,0.0
30926,0.0
30944,0.0
30962,0.0
30980,0.0
30998,0.0
31016,0.0
31034,0.0
31052,0.0
31070,0.0
31088,0.0
31106,0.0
31124,0.0
31142,0.0
31160,0.0
31178,0.0
31196,0.0
31214,0.0
31232,0.0
31250,0.0
31268,0.0
31286,0.0
31304,0.0
31322,0.0
31340,0.0
31358,0.0
31376,0.0
31394,0.0
31412,0.0
31430,0.0
31448,0.0
31466,0.0
31484,0.0
31502,0.0
31520,0.0
31538,0.0
31556,0.0
31574,0.0
31592,0.0
31610,0.0
31628,0.0
31646,0.0
31664,0.0
31682,0.0
31700,0.0
31718,0.0
31736,0.0
31754,0.0
31772,0.0
31790,0.0
31808,0.0
31826,0.0
31844,0.0
31862,0.0
31880,0.0
31898,0.0
31916,0.0
31934,0.0
31952,0.0
31970,0.0
31988,0.0
32006,0.0
32024,0.0
32042,0.0
32060,0.0
32078,0.0
32096,0.0
32114,0.0
32132,0.0
32150,0.0
32168,0.0
32186,0.0
32204,0.0
32222,0.0
32240,0.0
32258,0.0
32276,0.0
32294,0.0
32312,0.0
32330,0.0
32348,0.0
32366,0.0
32384,0.0
32402,0.0
32420,0.0
32438,0.0
32456,0.0
32474,0.0
32492,0.0
32510,0.0
32528,0.0
32546,0.0
32564,0.0
32582,0.0
32600,0.0
32618,0.0
32636,0.0
32654,0.0
32672,0.0
32690,0.0
32708,0.0
32726,0.0
32744,0.0
32762,0.0
32780,0.0
32798,0.0
32816,0.0
32834,0.0
32852,0.0
26302,935.9856830159317
26320,849.7475739741242
26338,740.1816423952499
26356,906.0259130742768
26374,788.75966362577
26392,838.2265000757684
26410,873.2691407068158
26428,802.7668758184337
26446,931.3768348321759
26464,705.8640933035997
26482,877.185142714584
26500,611.4082470107485
26518,599.3453506178877
26536,579.7655423284771
26554,555.4595723647402
26572,654.8973682593542
26590,548.6465607853452
26608,689.2278416644523
26626,611.5004589000196
26644,577.9275050075815
26662,967.3799395258675
26680,0.0
26698,0.0
26716,0.0
26734,0.0
26752,0.0
26770,0.0
26788,0.0
26806,0.0
26824,0.0
26842,0.0
26860,0.0
26878,0.0
26896,0.0
26914,0.0
26932,0.0
26950,0.0
26968,0.0
26986,0.0
27004,0.0
27022,0.0
27040,0.0
27058,0.0
27076,0.0
27094,0.0
27112,0.0
27130,0.0
27148,0.0
27166,0.0
27184,0.0
27202,0.0
27220,0.0
27238,0.0
27256,0.0
27274,0.0
27292,0.0
27310,0.0
27328,0.0
27346,0.0
27364,0.0
27382,0.0
27400,0.0
27418,0.0
27436,0.0
27454,0.0
27472,0.0
27490,0.0
27508,0.0
27526,0.0
27544,0.0
27562,0.0
27580,0.0
27598,0.0
27616,0.0
27634,0.0
27652,0.0
27670,0.0
27688,0.0
27706,0.0
27724,0.0
27742,0.0
27760,0.0
27778,0.0
27796,0.0
27814,0.0
27832,0.0
27850,0.0
27868,0.0
27886,0.0
27904,0.0
27922,0.0
27940,0.0
27958,0.0
27976,0.0
27994,0.0
28012,0.0
28030,0.0
28048,0.0
28066,0.0
28084,0.0
28102,0.0
28120,0.0
28138,0.0
28156,0.0
28174,0.0
28192,0.0
28210,0.0
28228,0.0
28246,0.0
28264,0.0
28282,0.0
28300,0.0
28318,0.0
28336,0.0
28354,0.0
28372,0.0
28390,0.0
28408,0.0
28426,0.0
28444,0.0
28462,0.0
28480,0.0
28498,0.0
28516,0.0
28534,0.0
28552,0.0
28570,0.0
28588,0.0
28606,0.0
28624,0.0
28642,0.0
28660,0.0
28678,0.0
28696,0.0
28714,0.0
28732,0.0
28750,0.0
28768,0.0
28786,0.0
28804,0.0
28822,0.0
28840,0.0
28858,0.0
28876,0.0
28894,0.0
28912,0.0
28930,0.0
28948,0.0
28966,0.0
28984,0.0
29002,0.0
29020,0.0
29038,0.0
29056,0.0
29074,0.0
29092,0.0
29110,0.0
29128,0.0
29146,0.0
29164,0.0
29182,0.0
29200,0.0
29218,0.0
29236,0.0
29254,0.0
29272,0.0
29290,0.0
29308,0.0
29326,0.0
29344,0.0
29362,0.0
29380,0.0
29398,0.0
29416,0.0
29434,0.0
29452,0.0
29470,0.0
29488,0.0
29506,0.0
29524,0.0
29542,0.0
29560,0.0
29578,0.0
29596,0.0
29614,0.0
29632,0.0
29650,0.0
29668,0.0
29686,0.0
29704,0.0
29722,0.0
29740,0.0
29758,0.0
29776,0.0
29794,0.0
29812,0.0
29830,0.0
29848,0.0
29866,0.0
29884,0.0
29902,0.0
29920,0.0
29938,0.0
29956,0.0
29974,0.0
29992,0.0
30010,0.0
30028,0.0
30046,0.0
30064,0.0
30082,0.0
30100,0.0
30118,0.0
30136,0.0
30154,0.0
30172,0.0
30190,0.0
30208,0.0
30226,0.0
30244,0.0
30262,0.0
30280,0.0
30298,0.0
30316,0.0
30334,0.0
30352,0.0
30370,0.0
30388,0.0
30406,0.0
30424,0.0
30442,0.0
30460,0.0
30478,0.0
30496,0.0
30514,0.0
30532,0.0
30550,0.0
30568,0.0
30586,0.0
30604,0.0
30622,0.0
30640,0.0
30658,0.0
30676,0.0
30694,0.0
30712,0.0
30730,0.0
30748,0.0
30766,0.0
30784,0.0
30802,0.0
30820,0.0
30838,0.0
30856,0.0
30874,0.0
30892,0.0
30910,0.0
30928,0.0
30946,0.0
30964,0.0
30982,0.0
31000,0.0
31018,0.0
31036,0.0
31054,0.0
31072,0.0
31090,0.0
31108,0.0
31126,0.0
31144,0.0
31162,0.0
31180,0.0
31198,0.0
31216,0.0
31234,0.0
31252,0.0
31270,0.0
31288,0.0
31306,0.0
31324,0.0
31342,0.0
31360,0.0
31378,0.0
31396,0.0
31414,0.0
31432,0.0
31450,0.0
31468,0.0
31486,0.0
31504,0.0
31522,0.0
31540,0.0
31558,0.0
31576,0.0
31594,0.0
31612,0.0
31630,0.0
31648,0.0
31666,0.0
31684,0.0
31702,0.0
31720,0.0
31738,0.0
31756,0.0
31774,0.0
31792,0.0
31810,0.0
31828,0.0
31846,0.0
31864,0.0
31882,0.0
31900,0.0
31918,0.0
31936,0.0
31954,0.0
31972,0.0
31990,0.0
32008,0.0
32026,0.0
32044,0.0
32062,0.0
32080,0.0
32098,0.0
32116,0.0
32134,0.0
32152,0.0
32170,0.0
32188,0.0
32206,0.0
32224,0.0
32242,0.0
32260,0.0
32278,0.0
32296,0.0
32314,0.0
32332,0.0
32350,0.0
32368,0.0
32386,0.0
32404,0.0
32422,0.0
32440,0.0
32458,0.0
32476,0.0
32494,0.0
32512,0.0
32530,0.0
32548,0.0
32566,0.0
32584,0.0
32602,0.0
32620,0.0
32638,0.0
32656,0.0
32674,0.0
32692,0.0
32710,0.0
32728,0.0
32746,0.0
32764,0.0
32782,0.0
32800,0.0
32818,0.0
32836,0.0
32854,0.0
26301,620.1475851626763
26319,526.9344081084581
26337,435.18172412034176
26355,499.947704353747
26373,410.5531101056118
26391,411.59986931515294
26409,420.33990645402315
26427,374.3774764543395
26445,459.24233873959423
26463,344.7186982538305
26481,452.7164271930603
26499,340.75906431172325
26517,362.23156407913734
26535,374.5665657801093
26553,384.2867970375426
26571,470.7707197465463
26589,415.45028612960755
26607,509.57270269397355
26625,466.16853280897556
26643,430.9400630660032
26661,657.3108389334658
26679,0.0
26697,0.0
26715,0.0
26733,0.0
26751,0.0
26769,0.0
26787,0.0
26805,0.0
26823,0.0
26841,0.0
26859,0.0
26877,0.0
26895,0.0
26913,0.0
26931,0.0
26949,0.0
26967,0.0
26985,0.0
27003,0.0
27021,0.0
27039,0.0
27057,0.0
27075,0.0
27093,0.0
27111,0.0
27129,0.0
27147,0.0
27165,0.0
27183,0.0
27201,0.0
27219,0.0
27237,0.0
27255,0.0
27273,0.0
27291,0.0
27309,0.0
27327,0.0
27345,0.0
27363,0.0
27381,0.0
27399,0.0
27417,0.0
27435,0.0
27453,0.0
27471,0.0
27489,0.0
27507,0.0
27525,0.0
27543,0.0
27561,0.0
27579,0.0
27597,0.0
27615,0.0
27633,0.0
27651,0.0
27669,0.0
27687,0.0
27705,0.0
27723,0.0
27741,0.0
27759,0.0
27777,0.0
27795,0.0
27813,0.0
27831,0.0
27849,0.0
27867,0.0
27885,0.0
27903,0.0
27921,0.0
27939,0.0
27957,0.0
27975,0.0
27993,0.0
28011,0.0
28029,0.0
28047,0.0
28065,0.0
28083,0.0
28101,0.0
28119,0.0
28137,0.0
28155,0.0
28173,0.0
28191,0.0
28209,0.0
28227,0.0
28245,0.0
28263,0.0
28281,0.0
28299,0.0
28317,0.0
28335,0.0
28353,0.0
28371,0.0
28389,0.0
28407,0.0
28425,0.0
28443,0.0
28461,0.0
28479,0.0
28497,0.0
28515,0.0
28533,0.0
28551,0.0
28569,0.0
28587,0.0
28605,0.0
28623,0.0
28641,0.0
28659,0.0
28677,0.0
28695,0.0
28713,0.0
28731,0.0
28749,0.0
28767,0.0
28785,0.0
28803,0.0
28821,0.0
28839,0.0
28857,0.0
28875,0.0
28893,0.0
28911,0.0
28929,0.0
28947,0.0
28965,0.0
28983,0.0
29001,0.0
29019,0.0
29037,0.0
29055,0.0
29073,0.0
29091,0.0
29109,0.0
29127,0.0
29145,0.0
29163,0.0
29181,0.0
29199,0.0
29217,0.0
29235,0.0
29253,0.0
29271,0.0
29289,0.0
29307,0.0
29325,0.0
29343,0.0
29361,0.0
29379,0.0
29397,0.0
29415,0.0
29433,0.0
29451,0.0
29469,0.0
29487,0.0
29505,0.0
29523,0.0
29541,0.0
29559,0.0
29577,0.0
29595,0.0
29613,0.0
29631,0.0
29649,0.0
29667,0.0
29685,0.0
29703,0.0
29721,0.0
29739,0.0
29757,0.0
29775,0.0
29793,0.0
29811,0.0
29829,0.0
29847,0.0
29865,0.0
29883,0.0
29901,0.0
29919,0.0
29937,0.0
29955,0.0
29973,0.0
29991,0.0
30009,0.0
30027,0.0
30045,0.0
30063,0.0
30081,0.0
30099,0.0
30117,0.0
30135,0.0
30153,0.0
30171,0.0
30189,0.0
30207,0.0
30225,0.0
30243,0.0
30261,0.0
30279,0.0
30297,0.0
30315,0.0
30333,0.0
30351,0.0
30369,0.0
30387,0.0
30405,0.0
30423,0.0
30441,0.0
30459,0.0
30477,0.0
30495,0.0
30513,0.0
30531,0.0
30549,0.0
30567,0.0
30585,0.0
30603,0.0
30621,0.0
30639,0.0
30657,0.0
30675,0.0
30693,0.0
30711,0.0
30729,0.0
30747,0.0
30765,0.0
30783,0.0
30801,0.0
30819,0.0
30837,0.0
30855,0.0
30873,0.0
30891,0.0
30909,0.0
30927,0.0
30945,0.0
30963,0.0
30981,0.0
30999,0.0
31017,0.0
31035,0.0
31053,0.0
31071,0.0
31089,0.0
31107,0.0
31125,0.0
31143,0.0
31161,0.0
31179,0.0
31197,0.0
31215,0.0
31233,0.0
31251,0.0
31269,0.0
31287,0.0
31305,0.0
31323,0.0
31341,0.0
31359,0.0
31377,0.0
31395,0.0
31413,0.0
31431,0.0
31449,0.0
31467,0.0
31485,0.0
31503,0.0
31521,0.0
31539,0.0
31557,0.0
31575,0.0
31593,0.0
31611,0.0
31629,0.0
31647,0.0
31665,0.0
31683,0.0
31701,0.0
31719,0.0
31737,0.0
31755,0.0
31773,0.0
31791,0.0
31809,0.0
31827,0.0
31845,0.0
31863,0.0
31881,0.0
31899,0.0
31917,0.0
31935,0.0
31953,0.0
31971,0.0
31989,0.0
32007,0.0
32025,0.0
32043,0.0
32061,0.0
32079,0.0
32097,0.0
32115,0.0
32133,0.0
32151,0.0
32169,0.0
32187,0.0
32205,0.0
32223,0.0
32241,0.0
32259,0.0
32277,0.0
32295,0.0
32313,0.0
32331,0.0
32349,0.0
32367,0.0
32385,0.0
32403,0.0
32421,0.0
32439,0.0
32457,0.0
32475,0.0
32493,0.0
32511,0.0
32529,0.0
32547,0.0
32565,0.0
32583,0.0
32601,0.0
32619,0.0
32637,0.0
32655,0.0
32673,0.0
32691,0.0
32709,0.0
32727,0.0
32745,0.0
32763,0.0
32781,0.0
32799,0.0
32817,0.0
32835,0.0
32853,0.0
26303,276.23140771024475
26321,237.2477658478614
26339,194.23877262784976
26357,234.71300864516405
26375,194.9800380271786
26393,205.6521597016485
26411,217.40566235258763
26429,204.69652339584874
26447,250.98622059919728
26465,199.47882476206235
26483,255.30583669419045
26501,193.38932384487646
26519,200.91516757651613
26537,202.78444751099946
26555,202.29828942482587
26573,236.2386893817519
26591,203.14938616457346
26609,241.4039717558284
26627,209.69131715938897
26645,191.77449636777004
26663,295.33009896319027
26681,0.0
26699,0.0
26717,0.0
26735,0.0
26753,0.0
26771,0.0
26789,0.0
26807,0.0
26825,0.0
26843,0.0
26861,0.0
26879,0.0
26897,0.0
26915,0.0
26933,0.0
26951,0.0
26969,0.0
26987,0.0
27005,0.0
27023,0.0
27041,0.0
27059,0.0
27077,0.0
27095,0.0
27113,0.0
27131,0.0
27149,0.0
27167,0.0
27185,0.0
27203,0.0
27221,0.0
27239,0.0
27257,0.0
27275,0.0
27293,0.0
27311,0.0
27329,0.0
27347,0.0
27365,0.0
27383,0.0
27401,0.0
27419,0.0
27437,0.0
27455,0.0
27473,0.0
27491,0.0
27509,0.0
27527,0.0
27545,0.0
27563,0.0
27581,0.0
27599,0.0
27617,0.0
27635,0.0
27653,0.0
27671,0.0
27689,0.0
27707,0.0
27725,0.0
27743,0.0
27761,0.0
27779,0.0
27797,0.0
27815,0.0
27833,0.0
27851,0.0
27869,0.0
27887,0.0
27905,0.0
27923,0.0
27941,0.0
27959,0.0
27977,0.0
27995,0.0
28013,0.0
28031,0.0
28049,0.0
28067,0.0
28085,0.0
28103,0.0
28121,0.0
28139,0.0
28157,0.0
28175,0.0
28193,0.0
28211,0.0
28229,0.0
28247,0.0
28265,0.0
28283,0.0
28301,0.0
28319,0.0
28337,0.0
28355,0.0
28373,0.0
28391,0.0
28409,0.0
28427,0.0
28445,0.0
28463,0.0
28481,0.0
28499,0.0
28517,0.0
28535,0.0
28553,0.0
28571,0.0
28589,0.0
28607,0.0
28625,0.0
28643,0.0
28661,0.0
28679,0.0
28697,0.0
28715,0.0
28733,0.0
28751,0.0
28769,0.0
28787,0.0
28805,0.0
28823,0.0
28841,0.0
28859,0.0
28877,0.0
28895,0.0
28913,0.0
28931,0.0
28949,0.0
28967,0.0
28985,0.0
29003,0.0
29021,0.0
29039,0.0
29057,0.0
29075,0.0
29093,0.0
29111,0.0
29129,0.0
29147,0.0
29165,0.0
29183,0.0
29201,0.0
29219,0.0
29237,0.0
29255,0.0
29273,0.0
29291,0.0
29309,0.0
29327,0.0
29345,0.0
29363,0.0
29381,0.0
29399,0.0
29417,0.0
29435,0.0
29453,0.0
29471,0.0
29489,0.0
29507,0.0
29525,0.0
29543,0.0
29561,0.0
29579,0.0
29597,0.0
29615,0.0
29633,0.0
29651,0.0
29669,0.0
29687,0.0
29705,0.0
29723,0.0
29741,0.0
29759,0.0
29777,0.0
29795,0.0
29813,0.0
29831,0.0
29849,0.0
29867,0.0
29885,0.0
29903,0.0
29921,0.0
29939,0.0
29957,0.0
29975,0.0
29993,0.0
30011,0.0
30029,0.0
30047,0.0
30065,0.0
30083,0.0
30101,0.0
30119,0.0
30137,0.0
30155,0.0
30173,0.0
30191,0.0
30209,0.0
30227,0.0
30245,0.0
30263,0.0
30281,0.0
30299,0.0
30317,0.0
30335,0.0
30353,0.0
30371,0.0
30389,0.0
30407,0.0
30425,0.0
30443,0.0
30461,0.0
30479,0.0
30497,0.0
30515,0.0
30533,0.0
30551,0.0
30569,0.0
30587,0.0
30605,0.0
30623,0.0
30641,0.0
30659,0.0
30677,0.0
30695,0.0
30713,0.0
30731,0.0
30749,0.0
30767,0.0
30785,0.0
30803,0.0
30821,0.0
30839,0.0
30857,0.0
30875,0.0
30893,0.0
30911,0.0
30929,0.0
30947,0.0
30965,0.0
30983,0.0
31001,0.0
31019,0.0
31037,0.0
31055,0.0
31073,0.0
31091,0.0
31109,0.0
31127,0.0
31145,0.0
31163,0.0
31181,0.0
31199,0.0
31217,0.0
31235,0.0
31253,0.0
31271,0.0
31289,0.0
31307,0.0
31325,0.0
31343,0.0
31361,0.0
31379,0.0
31397,0.0
31415,0.0
31433,0.0
31451,0.0
31469,0.0
31487,0.0
31505,0.0
31523,0.0
31541,0.0
31559,0.0
31577,0.0
31595,0.0
31613,0.0
31631,0.0
31649,0.0
31667,0.0
31685,0.0
31703,0.0
31721,0.0
31739,0.0
31757,0.0
31775,0.0
31793,0.0
31811,0.0
31829,0.0
31847,0.0
31865,0.0
31883,0.0
31901,0.0
31919,0.0
31937,0.0
31955,0.0
31973,0.0
31991,0.0
32009,0.0
32027,0.0
32045,0.0
32063,0.0
32081,0.0
32099,0.0
32117,0.0
32135,0.0
32153,0.0
32171,0.0
32189,0.0
32207,0.0
32225,0.0
32243,0.0
32261,0.0
32279,0.0
32297,0.0
32315,0.0
32333,0.0
32351,0.0
32369,0.0
32387,0.0
32405,0.0
32423,0.0
32441,0.0
32459,0.0
32477,0.0
32495,0.0
32513,0.0
32531,0.0
32549,0.0
32567,0.0
32585,0.0
32603,0.0
32621,0.0
32639,0.0
32657,0.0
32675,0.0
32693,0.0
32711,0.0
32729,0.0
32747,0.0
32765,0.0
32783,0.0
32801,0.0
32819,0.0
32837,0.0
32855,0.0
26305,845.3540360714558
26323,793.887877634628
26341,700.1096423306664
26359,857.8360155151915
26377,740.79347339726
26395,822.4091270108886
26413,841.3490319564572
26431,757.5423123171122
26449,949.3001441325581
26467,663.3915540261243
26485,787.9750159138431
26503,578.7667950718198
26521,568.8532331202002
26539,554.0262003827465
26557,528.043132287521
26575,625.2976088882876
26593,520.1585945440413
26611,642.2450626719019
26629,580.5009241998818
26647,539.4816247223475
26665,880.6209665897053
26683,0.0
26701,0.0
26719,0.0
26737,0.0
26755,0.0
26773,0.0
26791,0.0
26809,0.0
26827,0.0
26845,0.0
26863,0.0
26881,0.0
26899,0.0
26917,0.0
26935,0.0
26953,0.0
26971,0.0
26989,0.0
27007,0.0
27025,0.0
27043,0.0
27061,0.0
27079,0.0
27097,0.0
27115,0.0
27133,0.0
27151,0.0
27169,0.0
27187,0.0
27205,0.0
27223,0.0
27241,0.0
27259,0.0
27277,0.0
27295,0.0
27313,0.0
27331,0.0
27349,0.0
27367,0.0
27385,0.0
27403,0.0
27421,0.0
27439,0.0
27457,0.0
27475,0.0
27493,0.0
27511,0.0
27529,0.0
27547,0.0
27565,0.0
27583,0.0
27601,0.0
27619,0.0
27637,0.0
27655,0.0
27673,0.0
27691,0.0
27709,0.0
27727,0.0
27745,0.0
27763,0.0
27781,0.0
27799,0.0
27817,0.0
27835,0.0
27853,0.0
27871,0.0
27889,0.0
27907,0.0
27925,0.0
27943,0.0
27961,0.0
27979,0.0
27997,0.0
28015,0.0
28033,0.0
28051,0.0
28069,0.0
28087,0.0
28105,0.0
28123,0.0
28141,0.0
28159,0.0
28177,0.0
28195,0.0
28213,0.0
28231,0.0
28249,0.0
28267,0.0
28285,0.0
28303,0.0
28321,0.0
28339,0.0
28357,0.0
28375,0.0
28393,0.0
28411,0.0
28429,0.0
28447,0.0
28465,0.0
28483,0.0
28501,0.0
28519,0.0
28537,0.0
28555,0.0
28573,0.0
28591,0.0
28609,0.0
28627,0.0
28645,0.0
28663,0.0
28681,0.0
28699,0.0
28717,0.0
28735,0.0
28753,0.0
28771,0.0
28789,0.0
28807,0.0
28825,0.0
28843,0.0
28861,0.0
28879,0.0
28897,0.0
28915,0.0
28933,0.0
28951,0.0
28969,0.0
28987,0.0
29005,0.0
29023,0.0
29041,0.0
29059,0.0
29077,0.0
29095,0.0
29113,0.0
29131,0.0
29149,0.0
29167,0.0
29185,0.0
29203,0.0
29221,0.0
29239,0.0
29257,0.0
29275,0.0
29293,0.0
29311,0.0
29329,0.0
29347,0.0
29365,0.0
29383,0.0
29401,0.0
29419,0.0
29437,0.0
29455,0.0
29473,0.0
29491,0.0
29509,0.0
29527,0.0
29545,0.0
29563,0.0
29581,0.0
29599,0.0
29617,0.0
29635,0.0
29653,0.0
29671,0.0
29689,0.0
29707,0.0
29725,0.0
29743,0.0
29761,0.0
29779,0.0
29797,0.0
29815,0.0
29833,0.0
29851,0.0
29869,0.0
29887,0.0
29905,0.0
29923,0.0
29941,0.0
29959,0.0
29977,0.0
29995,0.0
30013,0.0
30031,0.0
30049,0.0
30067,0.0
30085,0.0
30103,0.0
30121,0.0
30139,0.0
30157,0.0
30175,0.0
30193,0.0
30211,0.0
30229,0.0
30247,0.0
30265,0.0
30283,0.0
30301,0.0
30319,0.0
30337,0.0
30355,0.0
30373,0.0
30391,0.0
30409,0.0
30427,0.0
30445,0.0
30463,0.0
30481,0.0
30499,0.0
30517,0.0
30535,0.0
30553,0.0
30571,0.0
30589,0.0
30607,0.0
30625,0.0
30643,0.0
30661,0.0
30679,0.0
30697,0.0
30715,0.0
30733,0.0
30751,0.0
30769,0.0
30787,0.0
30805,0.0
30823,0.0
30841,0.0
30859,0.0
30877,0.0
30895,0.0
30913,0.0
30931,0.0
30949,0.0
30967,0.0
30985,0.0
31003,0.0
31021,0.0
31039,0.0
31057,0.0
31075,0.0
31093,0.0
31111,0.0
31129,0.0
31147,0.0
31165,0.0
31183,0.0
31201,0.0
31219,0.0
31237,0.0
31255,0.0
31273,0.0
31291,0.0
31309,0.0
31327,0.0
31345,0.0
31363,0.0
31381,0.0
31399,0.0
31417,0.0
31435,0.0
31453,0.0
31471,0.0
31489,0.0
31507,0.0
31525,0.0
31543,0.0
31561,0.0
31579,0.0
31597,0.0
31615,0.0
31633,0.0
31651,0.0
31669,0.0
31687,0.0
31705,0.0
31723,0.0
31741,0.0
31759,0.0
31777,0.0
31795,0.0
31813,0.0
31831,0.0
31849,0.0
31867,0.0
31885,0.0
31903,0.0
31921,0.0
31939,0.0
31957,0.0
31975,0.0
31993,0.0
32011,0.0
32029,0.0
32047,0.0
32065,0.0
32083,0.0
32101,0.0
32119,0.0
32137,0.0
32155,0.0
32173,0.0
32191,0.0
32209,0.0
32227,0.0
32245,0.0
32263,0.0
32281,0.0
32299,0.0
32317,0.0
32335,0.0
32353,0.0
32371,0.0
32389,0.0
32407,0.0
32425,0.0
32443,0.0
32461,0.0
32479,0.0
32497,0.0
32515,0.0
32533,0.0
32551,0.0
32569,0.0
32587,0.0
32605,0.0
32623,0.0
32641,0.0
32659,0.0
32677,0.0
32695,0.0
32713,0.0
32731,0.0
32749,0.0
32767,0.0
32785,0.0
32803,0.0
32821,0.0
32839,0.0
32857,0.0
26304,550.4098517461036
26322,472.64591896492044
26340,404.86446298582814
26358,463.03536878145565
26376,381.652550254965
26394,390.47796120450505
26412,399.7189317805309
26430,349.6190095715759
26448,450.66368101643036
26466,314.6002190123269
26484,402.417325254555
26502,313.162993783101
26520,334.1367249402092
26538,346.4749727293656
26556,359.80550069607875
26574,440.3491870817233
26592,389.86344942014165
26610,465.102112606805
26628,427.782438172434
26646,390.929593612862
26664,587.6664016696689
26682,0.0
26700,0.0
26718,0.0
26736,0.0
26754,0.0
26772,0.0
26790,0.0
26808,0.0
26826,0.0
26844,0.0
26862,0.0
26880,0.0
26898,0.0
26916,0.0
26934,0.0
26952,0.0
26970,0.0
26988,0.0
27006,0.0
27024,0.0
27042,0.0
27060,0.0
27078,0.0
27096,0.0
27114,0.0
27132,0.0
27150,0.0
27168,0.0
27186,0.0
27204,0.0
27222,0.0
27240,0.0
27258,0.0
27276,0.0
27294,0.0
27312,0.0
27330,0.0
27348,0.0
27366,0.0
27384,0.0
27402,0.0
27420,0.0
27438,0.0
27456,0.0
27474,0.0
27492,0.0
27510,0.0
27528,0.0
27546,0.0
27564,0.0
27582,0.0
27600,0.0
27618,0.0
27636,0.0
27654,0.0
27672,0.0
27690,0.0
27708,0.0
27726,0.0
27744,0.0
27762,0.0
27780,0.0
27798,0.0
27816,0.0
27834,0.0
27852,0.0
27870,0.0
27888,0.0
27906,0.0
27924,0.0
27942,0.0
27960,0.0
27978,0.0
27996,0.0
28014,0.0
28032,0.0
28050,0.0
28068,0.0
28086,0.0
28104,0.0
28122,0.0
28140,0.0
28158,0.0
28176,0.0
28194,0.0
28212,0.0
28230,0.0
28248,0.0
28266,0.0
28284,0.0
28302,0.0
28320,0.0
28338,0.0
28356,0.0
28374,0.0
28392,0.0
28410,0.0
28428,0.0
28446,0.0
28464,0.0
28482,0.0
28500,0.0
28518,0.0
28536,0.0
28554,0.0
28572,0.0
28590,0.0
28608,0.0
28626,0.0
28644,0.0
28662,0.0
28680,0.0
28698,0.0
28716,0.0
28734,0.0
28752,0.0
28770,0.0
28788,0.0
28806,0.0
28824,0.0
28842,0.0
28860,0.0
28878,0.0
28896,0.0
28914,0.0
28932,0.0
28950,0.0
28968,0.0
28986,0.0
29004,0.0
29022,0.0
29040,0.0
29058,0.0
29076,0.0
29094,0.0
29112,0.0
29130,0.0
29148,0.0
29166,0.0
29184,0.0
29202,0.0
29220,0.0
29238,0.0
29256,0.0
29274,0.0
29292,0.0
29310,0.0
29328,0.0
29346,0.0
29364,0.0
29382,0.0
29400,0.0
29418,0.0
29436,0.0
29454,0.0
29472,0.0
29490,0.0
29508,0.0
29526,0.0
29544,0.0
29562,0.0
29580,0.0
29598,0.0
29616,0.0
29634,0.0
29652,0.0
29670,0.0
29688,0.0
29706,0.0
29724,0.0
29742,0.0
29760,0.0
29778,0.0
29796,0.0
29814,0.0
29832,0.0
29850,0.0
29868,0.0
29886,0.0
29904,0.0
29922,0.0
29940,0.0
29958,0.0
29976,0.0
29994,0.0
30012,0.0
30030,0.0
30048,0.0
30066,0.0
30084,0.0
30102,0.0
30120,0.0
30138,0.0
30156,0.0
30174,0.0
30192,0.0
30210,0.0
30228,0.0
30246,0.0
30264,0.0
30282,0.0
30300,0.0
30318,0.0
30336,0.0
30354,0.0
30372,0.0
30390,0.0
30408,0.0
30426,0.0
30444,0.0
30462,0.0
30480,0.0
30498,0.0
30516,0.0
30534,0.0
30552,0.0
30570,0.0
30588,0.0
30606,0.0
30624,0.0
30642,0.0
30660,0.0
30678,0.0
30696,0.0
30714,0.0
30732,0.0
30750,0.0
30768,0.0
30786,0.0
30804,0.0
30822,0.0
30840,0.0
30858,0.0
30876,0.0
30894,0.0
30912,0.0
30930,0.0
30948,0.0
30966,0.0
30984,0.0
31002,0.0
31020,0.0
31038,0.0
31056,0.0
31074,0.0
31092,0.0
31110,0.0
31128,0.0
31146,0.0
31164,0.0
31182,0.0
31200,0.0
31218,0.0
31236,0.0
31254,0.0
31272,0.0
31290,0.0
31308,0.0
31326,0.0
31344,0.0
31362,0.0
31380,0.0
31398,0.0
31416,0.0
31434,0.0
31452,0.0
31470,0.0
31488,0.0
31506,0.0
31524,0.0
31542,0.0
31560,0.0
31578,0.0
31596,0.0
31614,0.0
31632,0.0
31650,0.0
31668,0.0
31686,0.0
31704,0.0
31722,0.0
31740,0.0
31758,0.0
31776,0.0
31794,0.0
31812,0.0
31830,0.0
31848,0.0
31866,0.0
31884,0.0
31902,0.0
31920,0.0
31938,0.0
31956,0.0
31974,0.0
31992,0.0
32010,0.0
32028,0.0
32046,0.0
32064,0.0
32082,0.0
32100,0.0
32118,0.0
32136,0.0
32154,0.0
32172,0.0
32190,0.0
32208,0.0
32226,0.0
32244,0.0
32262,0.0
32280,0.0
32298,0.0
32316,0.0
32334,0.0
32352,0.0
32370,0.0
32388,0.0
32406,0.0
32424,0.0
32442,0.0
32460,0.0
32478,0.0
32496,0.0
32514,0.0
32532,0.0
32550,0.0
32568,0.0
32586,0.0
32604,0.0
32622,0.0
32640,0.0
32658,0.0
32676,0.0
32694,0.0
32712,0.0
32730,0.0
32748,0.0
32766,0.0
32784,0.0
32802,0.0
32820,0.0
32838,0.0
32856,0.0
26306,245.91641039844575
26324,221.7150005723149
26342,185.04885392484974
26360,219.2087615388321
26378,182.75888393116134
26396,200.0542983063355
26414,207.5903849586326
26432,192.60901521907263
26450,251.99880707243017
26468,185.11460448637717
26486,231.09841200541956
26504,182.68313234867347
26522,189.78143727977596
26540,193.51989769497231
26558,191.94029284314936
26576,224.6523626962762
26594,190.74984234765216
26612,224.03431545555776
26630,196.2351445683714
26648,179.7786959898825
26666,265.41991957870675
26684,0.0
26702,0.0
26720,0.0
26738,0.0
26756,0.0
26774,0.0
26792,0.0
26810,0.0
26828,0.0
26846,0.0
26864,0.0
26882,0.0
26900,0.0
26918,0.0
26936,0.0
26954,0.0
26972,0.0
26990,0.0
27008,0.0
27026,0.0
27044,0.0
27062,0.0
27080,0.0
27098,0.0
27116,0.0
27134,0.0
27152,0.0
27170,0.0
27188,0.0
27206,0.0
27224,0.0
27242,0.0
27260,0.0
27278,0.0
27296,0.0
27314,0.0
27332,0.0
27350,0.0
27368,0.0
27386,0.0
27404,0.0
27422,0.0
27440,0.0
27458,0.0
27476,0.0
27494,0.0
27512,0.0
27530,0.0
27548,0.0
27566,0.0
27584,0.0
27602,0.0
27620,0.0
27638,0.0
27656,0.0
27674,0.0
27692,0.0
27710,0.0
27728,0.0
27746,0.0
27764,0.0
27782,0.0
27800,0.0
27818,0.0
27836,0.0
27854,0.0
27872,0.0
27890,0.0
27908,0.0
27926,0.0
27944,0.0
27962,0.0
27980,0.0
27998,0.0
28016,0.0
28034,0.0
28052,0.0
28070,0.0
28088,0.0
28106,0.0
28124,0.0
28142,0.0
28160,0.0
28178,0.0
28196,0.0
28214,0.0
28232,0.0
28250,0.0
28268,0.0
28286,0.0
28304,0.0
28322,0.0
28340,0.0
28358,0.0
28376,0.0
28394,0.0
28412,0.0
28430,0.0
28448,0.0
28466,0.0
28484,0.0
28502,0.0
28520,0.0
28538,0.0
28556,0.0
28574,0.0
28592,0.0
28610,0.0
28628,0.0
28646,0.0
28664,0.0
28682,0.0
28700,0.0
28718,0.0
28736,0.0
28754,0.0
28772,0.0
28790,0.0
28808,0.0
28826,0.0
28844,0.0
28862,0.0
28880,0.0
28898,0.0
28916,0.0
28934,0.0
28952,0.0
28970,0.0
28988,0.0
29006,0.0
29024,0.0
29042,0.0
29060,0.0
29078,0.0
29096,0.0
29114,0.0
29132,0.0
29150,0.0
29168,0.0
29186,0.0
29204,0.0
29222,0.0
29240,0.0
29258,0.0
29276,0.0
29294,0.0
29312,0.0
29330,0.0
29348,0.0
29366,0.0
29384,0.0
29402,0.0
29420,0.0
29438,0.0
29456,0.0
29474,0.0
29492,0.0
29510,0.0
29528,0.0
29546,0.0
29564,0.0
29582,0.0
29600,0.0
29618,0.0
29636,0.0
29654,0.0
29672,0.0
29690,0.0
29708,0.0
29726,0.0
29744,0.0
29762,0.0
29780,0.0
29798,0.0
29816,0.0
29834,0.0
29852,0.0
29870,0.0
29888,0.0
29906,0.0
29924,0.0
29942,0.0
29960,0.0
29978,0.0
29996,0.0
30014,0.0
30032,0.0
30050,0.0
30068,0.0
30086,0.0
30104,0.0
30122,0.0
30140,0.0
30158,0.0
30176,0.0
30194,0.0
30212,0.0
30230,0.0
30248,0.0
30266,0.0
30284,0.0
30302,0.0
30320,0.0
30338,0.0
30356,0.0
30374,0.0
30392,0.0
30410,0.0
30428,0.0
30446,0.0
30464,0.0
30482,0.0
30500,0.0
30518,0.0
30536,0.0
30554,0.0
30572,0.0
30590,0.0
30608,0.0
30626,0.0
30644,0.0
30662,0.0
30680,0.0
30698,0.0
30716,0.0
30734,0.0
30752,0.0
30770,0.0
30788,0.0
30806,0.0
30824,0.0
30842,0.0
30860,0.0
30878,0.0
30896,0.0
30914,0.0
30932,0.0
30950,0.0
30968,0.0
30986,0.0
31004,0.0
31022,0.0
31040,0.0
31058,0.0
31076,0.0
31094,0.0
31112,0.0
31130,0.0
31148,0.0
31166,0.0
31184,0.0
31202,0.0
31220,0.0
31238,0.0
31256,0.0
31274,0.0
31292,0.0
31310,0.0
31328,0.0
31346,0.0
31364,0.0
31382,0.0
31400,0.0
31418,0.0
31436,0.0
31454,0.0
31472,0.0
31490,0.0
31508,0.0
31526,0.0
31544,0.0
31562,0.0
31580,0.0
31598,0.0
31616,0.0
31634,0.0
31652,0.0
31670,0.0
31688,0.0
31706,0.0
31724,0.0
31742,0.0
31760,0.0
31778,0.0
31796,0.0
31814,0.0
31832,0.0
31850,0.0
31868,0.0
31886,0.0
31904,0.0
31922,0.0
31940,0.0
31958,0.0
31976,0.0
31994,0.0
32012,0.0
32030,0.0
32048,0.0
32066,0.0
32084,0.0
32102,0.0
32120,0.0
32138,0.0
32156,0.0
32174,0.0
32192,0.0
32210,0.0
32228,0.0
32246,0.0
32264,0.0
32282,0.0
32300,0.0
32318,0.0
32336,0.0
32354,0.0
32372,0.0
32390,0.0
32408,0.0
32426,0.0
32444,0.0
32462,0.0
32480,0.0
32498,0.0
32516,0.0
32534,0.0
32552,0.0
32570,0.0
32588,0.0
32606,0.0
32624,0.0
32642,0.0
32660,0.0
32678,0.0
32696,0.0
32714,0.0
32732,0.0
32750,0.0
32768,0.0
32786,0.0
32804,0.0
32822,0.0
32840,0.0
32858,0.0
26308,1490.6450375825455
26326,1372.2816666512722
26344,1217.1337780409945
26362,1492.874046358792
26380,1304.94481376632
26398,1421.572514644079
26416,1448.3054131763404
26434,1336.5027566276283
26452,1631.8903455501636
26470,1158.967019147216
26488,1352.7937496970342
26506,1014.8045857862847
26524,994.1750569400841
26542,944.5421334091029
26560,905.4227999704635
26578,1090.1096780217758
26596,906.1212247015017
26614,1120.7379017802673
26632,993.5431987316823
26650,942.6229037483984
26668,1543.6566018533413
26686,0.0
26704,0.0
26722,0.0
26740,0.0
26758,0.0
26776,0.0
26794,0.0
26812,0.0
26830,0.0
26848,0.0
26866,0.0
26884,0.0
26902,0.0
26920,0.0
26938,0.0
26956,0.0
26974,0.0
26992,0.0
27010,0.0
27028,0.0
27046,0.0
27064,0.0
27082,0.0
27100,0.0
27118,0.0
27136,0.0
27154,0.0
27172,0.0
27190,0.0
27208,0.0
27226,0.0
27244,0.0
27262,0.0
27280,0.0
27298,0.0
27316,0.0
27334,0.0
27352,0.0
27370,0.0
27388,0.0
27406,0.0
27424,0.0
27442,0.0
27460,0.0
27478,0.0
27496,0.0
27514,0.0
27532,0.0
27550,0.0
27568,0.0
27586,0.0
27604,0.0
27622,0.0
27640,0.0
27658,0.0
27676,0.0
27694,0.0
27712,0.0
27730,0.0
27748,0.0
27766,0.0
27784,0.0
27802,0.0
27820,0.0
27838,0.0
27856,0.0
27874,0.0
27892,0.0
27910,0.0
27928,0.0
27946,0.0
27964,0.0
27982,0.0
28000,0.0
28018,0.0
28036,0.0
28054,0.0
28072,0.0
28090,0.0
28108,0.0
28126,0.0
28144,0.0
28162,0.0
28180,0.0
28198,0.0
28216,0.0
28234,0.0
28252,0.0
28270,0.0
28288,0.0
28306,0.0
28324,0.0
28342,0.0
28360,0.0
28378,0.0
28396,0.0
28414,0.0
28432,0.0
28450,0.0
28468,0.0
28486,0.0
28504,0.0
28522,0.0
28540,0.0
28558,0.0
28576,0.0
28594,0.0
28612,0.0
28630,0.0
28648,0.0
28666,0.0
28684,0.0
28702,0.0
28720,0.0
28738,0.0
28756,0.0
28774,0.0
28792,0.0
28810,0.0
28828,0.0
28846,0.0
28864,0.0
28882,0.0
28900,0.0
28918,0.0
28936,0.0
28954,0.0
28972,0.0
28990,0.0
29008,0.0
29026,0.0
29044,0.0
29062,0.0
29080,0.0
29098,0.0
29116,0.0
29134,0.0
29152,0.0
29170,0.0
29188,0.0
29206,0.0
29224,0.0
29242,0.0
29260,0.0
29278,0.0
29296,0.0
29314,0.0
29332,0.0
29350,0.0
29368,0.0
29386,0.0
29404,0.0
29422,0.0
29440,0.0
29458,0.0
29476,0.0
29494,0.0
29512,0.0
29530,0.0
29548,0.0
29566,0.0
29584,0.0
29602,0.0
29620,0.0
29638,0.0
29656,0.0
29674,0.0
29692,0.0
29710,0.0
29728,0.0
29746,0.0
29764,0.0
29782,0.0
29800,0.0
29818,0.0
29836,0.0
29854,0.0
29872,0.0
29890,0.0
29908,0.0
29926,0.0
29944,0.0
29962,0.0
29980,0.0
29998,0.0
30016,0.0
30034,0.0
30052,0.0
30070,0.0
30088,0.0
30106,0.0
30124,0.0
30142,0.0
30160,0.0
30178,0.0
30196,0.0
30214,0.0
30232,0.0
30250,0.0
30268,0.0
30286,0.0
30304,0.0
30322,0.0
30340,0.0
30358,0.0
30376,0.0
30394,0.0
30412,0.0
30430,0.0
30448,0.0
30466,0.0
30484,0.0
30502,0.0
30520,0.0
30538,0.0
30556,0.0
30574,0.0
30592,0.0
30610,0.0
30628,0.0
30646,0.0
30664,0.0
30682,0.0
30700,0.0
30718,0.0
30736,0.0
30754,0.0
30772,0.0
30790,0.0
30808,0.0
30826,0.0
30844,0.0
30862,0.0
30880,0.0
30898,0.0
30916,0.0
30934,0.0
30952,0.0
30970,0.0
30988,0.0
31006,0.0
31024,0.0
31042,0.0
31060,0.0
31078,0.0
31096,0.0
31114,0.0
31132,0.0
31150,0.0
31168,0.0
31186,0.0
31204,0.0
31222,0.0
31240,0.0
31258,0.0
31276,0.0
31294,0.0
31312,0.0
31330,0.0
31348,0.0
31366,0.0
31384,0.0
31402,0.0
31420,0.0
31438,0.0
31456,0.0
31474,0.0
31492,0.0
31510,0.0
31528,0.0
31546,0.0
31564,0.0
31582,0.0
31600,0.0
31618,0.0
31636,0.0
31654,0.0
31672,0.0
31690,0.0
31708,0.0
31726,0.0
31744,0.0
31762,0.0
31780,0.0
31798,0.0
31816,0.0
31834,0.0
31852,0.0
31870,0.0
31888,0.0
31906,0.0
31924,0.0
31942,0.0
31960,0.0
31978,0.0
31996,0.0
32014,0.0
32032,0.0
32050,0.0
32068,0.0
32086,0.0
32104,0.0
32122,0.0
32140,0.0
32158,0.0
32176,0.0
32194,0.0
32212,0.0
32230,0.0
32248,0.0
32266,0.0
32284,0.0
32302,0.0
32320,0.0
32338,0.0
32356,0.0
32374,0.0
32392,0.0
32410,0.0
32428,0.0
32446,0.0
32464,0.0
32482,0.0
32500,0.0
32518,0.0
32536,0.0
32554,0.0
32572,0.0
32590,0.0
32608,0.0
32626,0.0
32644,0.0
32662,0.0
32680,0.0
32698,0.0
32716,0.0
32734,0.0
32752,0.0
32770,0.0
32788,0.0
32806,0.0
32824,0.0
32842,0.0
32860,0.0
26307,965.2356530960769
26325,823.2788936344284
26343,704.3093529967214
26361,808.1601271043323
26379,664.9522882719323
26397,684.6633393261745
26415,688.6676805234532
26433,609.3395943077712
26451,784.6258767567058
26469,550.1718813936716
26487,699.7887460853636
26505,544.3929283529528
26523,581.6243437044726
26541,601.8155701230686
26559,623.9841566015001
26577,755.0468262602666
26595,685.1852061412412
26613,807.7181202620293
26631,735.786079631566
26649,677.6685488897706
26667,1025.3030823748823
26685,0.0
26703,0.0
26721,0.0
26739,0.0
26757,0.0
26775,0.0
26793,0.0
26811,0.0
26829,0.0
26847,0.0
26865,0.0
26883,0.0
26901,0.0
26919,0.0
26937,0.0
26955,0.0
26973,0.0
26991,0.0
27009,0.0
27027,0.0
27045,0.0
27063,0.0
27081,0.0
27099,0.0
27117,0.0
27135,0.0
27153,0.0
27171,0.0
27189,0.0
27207,0.0
27225,0.0
27243,0.0
27261,0.0
27279,0.0
27297,0.0
27315,0.0
27333,0.0
27351,0.0
27369,0.0
27387,0.0
27405,0.0
27423,0.0
27441,0.0
27459,0.0
27477,0.0
27495,0.0
27513,0.0
27531,0.0
27549,0.0
27567,0.0
27585,0.0
27603,0.0
27621,0.0
27639,0.0
27657,0.0
27675,0.0
27693,0.0
27711,0.0
27729,0.0
27747,0.0
27765,0.0
27783,0.0
27801,0.0
27819,0.0
27837,0.0
27855,0.0
27873,0.0
27891,0.0
27909,0.0
27927,0.0
27945,0.0
27963,0.0
27981,0.0
27999,0.0
28017,0.0
28035,0.0
28053,0.0
28071,0.0
28089,0.0
28107,0.0
28125,0.0
28143,0.0
28161,0.0
28179,0.0
28197,0.0
28215,0.0
28233,0.0
28251,0.0
28269,0.0
28287,0.0
28305,0.0
28323,0.0
28341,0.0
28359,0.0
28377,0.0
28395,0.0
28413,0.0
28431,0.0
28449,0.0
28467,0.0
28485,0.0
28503,0.0
28521,0.0
28539,0.0
28557,0.0
28575,0.0
28593,0.0
28611,0.0
28629,0.0
28647,0.0
28665,0.0
28683,0.0
28701,0.0
28719,0.0
28737,0.0
28755,0.0
28773,0.0
28791,0.0
28809,0.0
28827,0.0
28845,0.0
28863,0.0
28881,0.0
28899,0.0
28917,0.0
28935,0.0
28953,0.0
28971,0.0
28989,0.0
29007,0.0
29025,0.0
29043,0.0
29061,0.0
29079,0.0
29097,0.0
29115,0.0
29133,0.0
29151,0.0
29169,0.0
29187,0.0
29205,0.0
29223,0.0
29241,0.0
29259,0.0
29277,0.0
29295,0.0
29313,0.0
29331,0.0
29349,0.0
29367,0.0
29385,0.0
29403,0.0
29421,0.0
29439,0.0
29457,0.0
29475,0.0
29493,0.0
29511,0.0
29529,0.0
29547,0.0
29565,0.0
29583,0.0
29601,0.0
29619,0.0
29637,0.0
29655,0.0
29673,0.0
29691,0.0
29709,0.0
29727,0.0
29745,0.0
29763,0.0
29781,0.0
29799,0.0
29817,0.0
29835,0.0
29853,0.0
29871,0.0
29889,0.0
29907,0.0
29925,0.0
29943,0.0
29961,0.0
29979,0.0
29997,0.0
30015,0.0
30033,0.0
30051,0.0
30069,0.0
30087,0.0
30105,0.0
30123,0.0
30141,0.0
30159,0.0
30177,0.0
30195,0.0
30213,0.0
30231,0.0
30249,0.0
30267,0.0
30285,0.0
30303,0.0
30321,0.0
30339,0.0
30357,0.0
30375,0.0
30393,0.0
30411,0.0
30429,0.0
30447,0.0
30465,0.0
30483,0.0
30501,0.0
30519,0.0
30537,0.0
30555,0.0
30573,0.0
30591,0.0
30609,0.0
30627,0.0
30645,0.0
30663,0.0
30681,0.0
30699,0.0
30717,0.0
30735,0.0
30753,0.0
30771,0.0
30789,0.0
30807,0.0
30825,0.0
30843,0.0
30861,0.0
30879,0.0
30897,0.0
30915,0.0
30933,0.0
30951,0.0
30969,0.0
30987,0.0
31005,0.0
31023,0.0
31041,0.0
31059,0.0
31077,0.0
31095,0.0
31113,0.0
31131,0.0
31149,0.0
31167,0.0
31185,0.0
31203,0.0
31221,0.0
31239,0.0
31257,0.0
31275,0.0
31293,0.0
31311,0.0
31329,0.0
31347,0.0
31365,0.0
31383,0.0
31401,0.0
31419,0.0
31437,0.0
31455,0.0
31473,0.0
31491,0.0
31509,0.0
31527,0.0
31545,0.0
31563,0.0
31581,0.0
31599,0.0
31617,0.0
31635,0.0
31653,0.0
31671,0.0
31689,0.0
31707,0.0
31725,0.0
31743,0.0
31761,0.0
31779,0.0
31797,0.0
31815,0.0
31833,0.0
31851,0.0
31869,0.0
31887,0.0
31905,0.0
31923,0.0
31941,0.0
31959,0.0
31977,0.0
31995,0.0
32013,0.0
32031,0.0
32049,0.0
32067,0.0
32085,0.0
32103,0.0
32121,0.0
32139,0.0
32157,0.0
32175,0.0
32193,0.0
32211,0.0
32229,0.0
32247,0.0
32265,0.0
32283,0.0
32301,0.0
32319,0.0
32337,0.0
32355,0.0
32373,0.0
32391,0.0
32409,0.0
32427,0.0
32445,0.0
32463,0.0
32481,0.0
32499,0.0
32517,0.0
32535,0.0
32553,0.0
32571,0.0
32589,0.0
32607,0.0
32625,0.0
32643,0.0
32661,0.0
32679,0.0
32697,0.0
32715,0.0
32733,0.0
32751,0.0
32769,0.0
32787,0.0
32805,0.0
32823,0.0
32841,0.0
32859,0.0
26309,427.65880008911193
26327,373.65587304539787
26345,313.8826338707399
26363,377.0441778823485
26381,316.958864962235
26399,343.2829081489067
26417,359.539751548443
26435,328.0201686336393
26453,430.1733694059271
26471,312.8755079306968
26489,388.632669977344
26507,316.0698760238467
26525,320.76689976752726
26543,333.3731198468257
26561,324.5509120406012
26579,378.2596131945672
26597,324.0686818723881
26615,377.1357407925787
26633,333.3782292914831
26651,296.17076359918923
26669,455.27955336265353
26687,0.0
26705,0.0
26723,0.0
26741,0.0
26759,0.0
26777,0.0
26795,0.0
26813,0.0
26831,0.0
26849,0.0
26867,0.0
26885,0.0
26903,0.0
26921,0.0
26939,0.0
26957,0.0
26975,0.0
26993,0.0
27011,0.0
27029,0.0
27047,0.0
27065,0.0
27083,0.0
27101,0.0
27119,0.0
27137,0.0
27155,0.0
27173,0.0
27191,0.0
27209,0.0
27227,0.0
27245,0.0
27263,0.0
27281,0.0
27299,0.0
27317,0.0
27335,0.0
27353,0.0
27371,0.0
27389,0.0
27407,0.0
27425,0.0
27443,0.0
27461,0.0
27479,0.0
27497,0.0
27515,0.0
27533,0.0
27551,0.0
27569,0.0
27587,0.0
27605,0.0
27623,0.0
27641,0.0
27659,0.0
27677,0.0
27695,0.0
27713,0.0
27731,0.0
27749,0.0
27767,0.0
27785,0.0
27803,0.0
27821,0.0
27839,0.0
27857,0.0
27875,0.0
27893,0.0
27911,0.0
27929,0.0
27947,0.0
27965,0.0
27983,0.0
28001,0.0
28019,0.0
28037,0.0
28055,0.0
28073,0.0
28091,0.0
28109,0.0
28127,0.0
28145,0.0
28163,0.0
28181,0.0
28199,0.0
28217,0.0
28235,0.0
28253,0.0
28271,0.0
28289,0.0
28307,0.0
28325,0.0
28343,0.0
28361,0.0
28379,0.0
28397,0.0
28415,0.0
28433,0.0
28451,0.0
28469,0.0
28487,0.0
28505,0.0
28523,0.0
28541,0.0
28559,0.0
28577,0.0
28595,0.0
28613,0.0
28631,0.0
28649,0.0
28667,0.0
28685,0.0
28703,0.0
28721,0.0
28739,0.0
28757,0.0
28775,0.0
28793,0.0
28811,0.0
28829,0.0
28847,0.0
28865,0.0
28883,0.0
28901,0.0
28919,0.0
28937,0.0
28955,0.0
28973,0.0
28991,0.0
29009,0.0
29027,0.0
29045,0.0
29063,0.0
29081,0.0
29099,0.0
29117,0.0
29135,0.0
29153,0.0
29171,0.0
29189,0.0
29207,0.0
29225,0.0
29243,0.0
29261,0.0
29279,0.0
29297,0.0
29315,0.0
29333,0.0
29351,0.0
29369,0.0
29387,0.0
29405,0.0
29423,0.0
29441,0.0
29459,0.0
29477,0.0
29495,0.0
29513,0.0
29531,0.0
29549,0.0
29567,0.0
29585,0.0
29603,0.0
29621,0.0
29639,0.0
29657,0.0
29675,0.0
29693,0.0
29711,0.0
29729,0.0
29747,0.0
29765,0.0
29783,0.0
29801,0.0
29819,0.0
29837,0.0
29855,0.0
29873,0.0
29891,0.0
29909,0.0
29927,0.0
29945,0.0
29963,0.0
29981,0.0
29999,0.0
30017,0.0
30035,0.0
30053,0.0
30071,0.0
30089,0.0
30107,0.0
30125,0.0
30143,0.0
30161,0.0
30179,0.0
30197,0.0
30215,0.0
30233,0.0
30251,0.0
30269,0.0
30287,0.0
30305,0.0
30323,0.0
30341,0.0
30359,0.0
30377,0.0
30395,0.0
30413,0.0
30431,0.0
30449,0.0
30467,0.0
30485,0.0
30503,0.0
30521,0.0
30539,0.0
30557,0.0
30575,0.0
30593,0.0
30611,0.0
30629,0.0
30647,0.0
30665,0.0
30683,0.0
30701,0.0
30719,0.0
30737,0.0
30755,0.0
30773,0.0
30791,0.0
30809,0.0
30827,0.0
30845,0.0
30863,0.0
30881,0.0
30899,0.0
30917,0.0
30935,0.0
30953,0.0
30971,0.0
30989,0.0
31007,0.0
31025,0.0
31043,0.0
31061,0.0
31079,0.0
31097,0.0
31115,0.0
31133,0.0
31151,0.0
31169,0.0
31187,0.0
31205,0.0
31223,0.0
31241,0.0
31259,0.0
31277,0.0
31295,0.0
31313,0.0
31331,0.0
31349,0.0
31367,0.0
31385,0.0
31403,0.0
31421,0.0
31439,0.0
31457,0.0
31475,0.0
31493,0.0
31511,0.0
31529,0.0
31547,0.0
31565,0.0
31583,0.0
31601,0.0
31619,0.0
31637,0.0
31655,0.0
31673,0.0
31691,0.0
31709,0.0
31727,0.0
31745,0.0
31763,0.0
31781,0.0
31799,0.0
31817,0.0
31835,0.0
31853,0.0
31871,0.0
31889,0.0
31907,0.0
31925,0.0
31943,0.0
31961,0.0
31979,0.0
31997,0.0
32015,0.0
32033,0.0
32051,0.0
32069,0.0
32087,0.0
32105,0.0
32123,0.0
32141,0.0
32159,0.0
32177,0.0
32195,0.0
32213,0.0
32231,0.0
32249,0.0
32267,0.0
32285,0.0
32303,0.0
32321,0.0
32339,0.0
32357,0.0
32375,0.0
32393,0.0
32411,0.0
32429,0.0
32447,0.0
32465,0.0
32483,0.0
32501,0.0
32519,0.0
32537,0.0
32555,0.0
32573,0.0
32591,0.0
32609,0.0
32627,0.0
32645,0.0
32663,0.0
32681,0.0
32699,0.0
32717,0.0
32735,0.0
32753,0.0
32771,0.0
32789,0.0
32807,0.0
32825,0.0
32843,0.0
32861,0.0
26311,602.0226510121664
26329,531.9524449126403
26347,453.30492787085706
26365,564.4405186883555
26383,485.1510035235641
26401,521.1472181076045
26419,540.624677614836
26437,487.8513158930333
26455,581.4879746785987
26473,452.7047593424496
26491,539.0353945742795
26509,367.2909764512308
26527,355.72174488030043
26545,341.8007532330836
26563,318.04443204632446
26581,395.88336346560783
26599,322.08464417303384
26617,414.6136751184082
26635,369.4872086984687
26653,326.00811998921415
26671,603.5822133356223
26689,0.0
26707,0.0
26725,0.0
26743,0.0
26761,0.0
26779,0.0
26797,0.0
26815,0.0
26833,0.0
26851,0.0
26869,0.0
26887,0.0
26905,0.0
26923,0.0
26941,0.0
26959,0.0
26977,0.0
26995,0.0
27013,0.0
27031,0.0
27049,0.0
27067,0.0
27085,0.0
27103,0.0
27121,0.0
27139,0.0
27157,0.0
27175,0.0
27193,0.0
27211,0.0
27229,0.0
27247,0.0
27265,0.0
27283,0.0
27301,0.0
27319,0.0
27337,0.0
27355,0.0
27373,0.0
27391,0.0
27409,0.0
27427,0.0
27445,0.0
27463,0.0
27481,0.0
27499,0.0
27517,0.0
27535,0.0
27553,0.0
27571,0.0
27589,0.0
27607,0.0
27625,0.0
27643,0.0
27661,0.0
27679,0.0
27697,0.0
27715,0.0
27733,0.0
27751,0.0
27769,0.0
27787,0.0
27805,0.0
27823,0.0
27841,0.0
27859,0.0
27877,0.0
27895,0.0
27913,0.0
27931,0.0
27949,0.0
27967,0.0
27985,0.0
28003,0.0
28021,0.0
28039,0.0
28057,0.0
28075,0.0
28093,0.0
28111,0.0
28129,0.0
28147,0.0
28165,0.0
28183,0.0
28201,0.0
28219,0.0
28237,0.0
28255,0.0
28273,0.0
28291,0.0
28309,0.0
28327,0.0
28345,0.0
28363,0.0
28381,0.0
28399,0.0
28417,0.0
28435,0.0
28453,0.0
28471,0.0
28489,0.0
28507,0.0
28525,0.0
28543,0.0
28561,0.0
28579,0.0
28597,0.0
28615,0.0
28633,0.0
28651,0.0
28669,0.0
28687,0.0
28705,0.0
28723,0.0
28741,0.0
28759,0.0
28777,0.0
28795,0.0
28813,0.0
28831,0.0
28849,0.0
28867,0.0
28885,0.0
28903,0.0
28921,0.0
28939,0.0
28957,0.0
28975,0.0
28993,0.0
29011,0.0
29029,0.0
29047,0.0
29065,0.0
29083,0.0
29101,0.0
29119,0.0
29137,0.0
29155,0.0
29173,0.0
29191,0.0
29209,0.0
29227,0.0
29245,0.0
29263,0.0
29281,0.0
29299,0.0
29317,0.0
29335,0.0
29353,0.0
29371,0.0
29389,0.0
29407,0.0
29425,0.0
29443,0.0
29461,0.0
29479,0.0
29497,0.0
29515,0.0
29533,0.0
29551,0.0
29569,0.0
29587,0.0
29605,0.0
29623,0.0
29641,0.0
29659,0.0
29677,0.0
29695,0.0
29713,0.0
29731,0.0
29749,0.0
29767,0.0
29785,0.0
29803,0.0
29821,0.0
29839,0.0
29857,0.0
29875,0.0
29893,0.0
29911,0.0
29929,0.0
29947,0.0
29965,0.0
29983,0.0
30001,0.0
30019,0.0
30037,0.0
30055,0.0
30073,0.0
30091,0.0
30109,0.0
30127,0.0
30145,0.0
30163,0.0
30181,0.0
30199,0.0
30217,0.0
30235,0.0
30253,0.0
30271,0.0
30289,0.0
30307,0.0
30325,0.0
30343,0.0
30361,0.0
30379,0.0
30397,0.0
30415,0.0
30433,0.0
30451,0.0
30469,0.0
30487,0.0
30505,0.0
30523,0.0
30541,0.0
30559,0.0
30577,0.0
30595,0.0
30613,0.0
30631,0.0
30649,0.0
30667,0.0
30685,0.0
30703,0.0
30721,0.0
30739,0.0
30757,0.0
30775,0.0
30793,0.0
30811,0.0
30829,0.0
30847,0.0
30865,0.0
30883,0.0
30901,0.0
30919,0.0
30937,0.0
30955,0.0
30973,0.0
30991,0.0
31009,0.0
31027,0.0
31045,0.0
31063,0.0
31081,0.0
31099,0.0
31117,0.0
31135,0.0
31153,0.0
31171,0.0
31189,0.0
31207,0.0
31225,0.0
31243,0.0
31261,0.0
31279,0.0
31297,0.0
31315,0.0
31333,0.0
31351,0.0
31369,0.0
31387,0.0
31405,0.0
31423,0.0
31441,0.0
31459,0.0
31477,0.0
31495,0.0
31513,0.0
31531,0.0
31549,0.0
31567,0.0
31585,0.0
31603,0.0
31621,0.0
31639,0.0
31657,0.0
31675,0.0
31693,0.0
31711,0.0
31729,0.0
31747,0.0
31765,0.0
31783,0.0
31801,0.0
31819,0.0
31837,0.0
31855,0.0
31873,0.0
31891,0.0
31909,0.0
31927,0.0
31945,0.0
31963,0.0
31981,0.0
31999,0.0
32017,0.0
32035,0.0
32053,0.0
32071,0.0
32089,0.0
32107,0.0
32125,0.0
32143,0.0
32161,0.0
32179,0.0
32197,0.0
32215,0.0
32233,0.0
32251,0.0
32269,0.0
32287,0.0
32305,0.0
32323,0.0
32341,0.0
32359,0.0
32377,0.0
32395,0.0
32413,0.0
32431,0.0
32449,0.0
32467,0.0
32485,0.0
32503,0.0
32521,0.0
32539,0.0
32557,0.0
32575,0.0
32593,0.0
32611,0.0
32629,0.0
32647,0.0
32665,0.0
32683,0.0
32701,0.0
32719,0.0
32737,0.0
32755,0.0
32773,0.0
32791,0.0
32809,0.0
32827,0.0
32845,0.0
32863,0.0
26310,392.5596049314918
26328,314.79830614999275
26346,257.69229723126205
26364,300.15695861289004
26382,239.14440365791464
26400,242.15491489553372
26418,243.98124414356116
26436,215.1203966671267
26454,270.1110164416366
26472,202.52680145933738
26490,268.51998717903916
26508,187.7406213700637
26526,203.53396265487257
26544,212.95409599686673
26562,220.6336606138501
26580,274.11419565117467
26598,241.28726567777525
26616,298.0389150685042
26634,269.3285348387581
26652,233.92719547250803
26670,396.1198095502368
26688,0.0
26706,0.0
26724,0.0
26742,0.0
26760,0.0
26778,0.0
26796,0.0
26814,0.0
26832,0.0
26850,0.0
26868,0.0
26886,0.0
26904,0.0
26922,0.0
26940,0.0
26958,0.0
26976,0.0
26994,0.0
27012,0.0
27030,0.0
27048,0.0
27066,0.0
27084,0.0
27102,0.0
27120,0.0
27138,0.0
27156,0.0
27174,0.0
27192,0.0
27210,0.0
27228,0.0
27246,0.0
27264,0.0
27282,0.0
27300,0.0
27318,0.0
27336,0.0
27354,0.0
27372,0.0
27390,0.0
27408,0.0
27426,0.0
27444,0.0
27462,0.0
27480,0.0
27498,0.0
27516,0.0
27534,0.0
27552,0.0
27570,0.0
27588,0.0
27606,0.0
27624,0.0
27642,0.0
27660,0.0
27678,0.0
27696,0.0
27714,0.0
27732,0.0
27750,0.0
27768,0.0
27786,0.0
27804,0.0
27822,0.0
27840,0.0
27858,0.0
27876,0.0
27894,0.0
27912,0.0
27930,0.0
27948,0.0
27966,0.0
27984,0.0
28002,0.0
28020,0.0
28038,0.0
28056,0.0
28074,0.0
28092,0.0
28110,0.0
28128,0.0
28146,0.0
28164,0.0
28182,0.0
28200,0.0
28218,0.0
28236,0.0
28254,0.0
28272,0.0
28290,0.0
28308,0.0
28326,0.0
28344,0.0
28362,0.0
28380,0.0
28398,0.0
28416,0.0
28434,0.0
28452,0.0
28470,0.0
28488,0.0
28506,0.0
28524,0.0
28542,0.0
28560,0.0
28578,0.0
28596,0.0
28614,0.0
28632,0.0
28650,0.0
28668,0.0
28686,0.0
28704,0.0
28722,0.0
28740,0.0
28758,0.0
28776,0.0
28794,0.0
28812,0.0
28830,0.0
28848,0.0
28866,0.0
28884,0.0
28902,0.0
28920,0.0
28938,0.0
28956,0.0
28974,0.0
28992,0.0
29010,0.0
29028,0.0
29046,0.0
29064,0.0
29082,0.0
29100,0.0
29118,0.0
29136,0.0
29154,0.0
29172,0.0
29190,0.0
29208,0.0
29226,0.0
29244,0.0
29262,0.0
29280,0.0
29298,0.0
29316,0.0
29334,0.0
29352,0.0
29370,0.0
29388,0.0
29406,0.0
29424,0.0
29442,0.0
29460,0.0
29478,0.0
29496,0.0
29514,0.0
29532,0.0
29550,0.0
29568,0.0
29586,0.0
29604,0.0
29622,0.0
29640,0.0
29658,0.0
29676,0.0
29694,0.0
29712,0.0
29730,0.0
29748,0.0
29766,0.0
29784,0.0
29802,0.0
29820,0.0
29838,0.0
29856,0.0
29874,0.0
29892,0.0
29910,0.0
29928,0.0
29946,0.0
29964,0.0
29982,0.0
30000,0.0
30018,0.0
30036,0.0
30054,0.0
30072,0.0
30090,0.0
30108,0.0
30126,0.0
30144,0.0
30162,0.0
30180,0.0
30198,0.0
30216,0.0
30234,0.0
30252,0.0
30270,0.0
30288,0.0
30306,0.0
30324,0.0
30342,0.0
30360,0.0
30378,0.0
30396,0.0
30414,0.0
30432,0.0
30450,0.0
30468,0.0
30486,0.0
30504,0.0
30522,0.0
30540,0.0
30558,0.0
30576,0.0
30594,0.0
30612,0.0
30630,0.0
30648,0.0
30666,0.0
30684,0.0
30702,0.0
30720,0.0
30738,0.0
30756,0.0
30774,0.0
30792,0.0
30810,0.0
30828,0.0
30846,0.0
30864,0.0
30882,0.0
30900,0.0
30918,0.0
30936,0.0
30954,0.0
30972,0.0
30990,0.0
31008,0.0
31026,0.0
31044,0.0
31062,0.0
31080,0.0
31098,0.0
31116,0.0
31134,0.0
31152,0.0
31170,0.0
31188,0.0
31206,0.0
31224,0.0
31242,0.0
31260,0.0
31278,0.0
31296,0.0
31314,0.0
31332,0.0
31350,0.0
31368,0.0
31386,0.0
31404,0.0
31422,0.0
31440,0.0
31458,0.0
31476,0.0
31494,0.0
31512,0.0
31530,0.0
31548,0.0
31566,0.0
31584,0.0
31602,0.0
31620,0.0
31638,0.0
31656,0.0
31674,0.0
31692,0.0
31710,0.0
31728,0.0
31746,0.0
31764,0.0
31782,0.0
31800,0.0
31818,0.0
31836,0.0
31854,0.0
31872,0.0
31890,0.0
31908,0.0
31926,0.0
31944,0.0
31962,0.0
31980,0.0
31998,0.0
32016,0.0
32034,0.0
32052,0.0
32070,0.0
32088,0.0
32106,0.0
32124,0.0
32142,0.0
32160,0.0
32178,0.0
32196,0.0
32214,0.0
32232,0.0
32250,0.0
32268,0.0
32286,0.0
32304,0.0
32322,0.0
32340,0.0
32358,0.0
32376,0.0
32394,0.0
32412,0.0
32430,0.0
32448,0.0
32466,0.0
32484,0.0
32502,0.0
32520,0.0
32538,0.0
32556,0.0
32574,0.0
32592,0.0
32610,0.0
32628,0.0
32646,0.0
32664,0.0
32682,0.0
32700,0.0
32718,0.0
32736,0.0
32754,0.0
32772,0.0
32790,0.0
32808,0.0
32826,0.0
32844,0.0
32862,0.0
26312,176.61478088786447
26330,145.98060241952163
26348,117.79470942073836
26366,141.14600295162964
26384,116.8828868553718
26402,121.86812029110592
26420,131.51013579806923
26438,120.28409607003319
26456,152.14602841789528
26474,122.0918211416388
26492,155.03448783342347
26510,113.45452973578433
26528,119.20417392130247
26546,121.02236496032992
26564,118.78330111238277
26582,141.7529086494431
26600,118.79322521172816
26618,143.64061552395623
26636,125.24971267611562
26654,105.2824556232362
26672,179.98721096170647
26690,0.0
26708,0.0
26726,0.0
26744,0.0
26762,0.0
26780,0.0
26798,0.0
26816,0.0
26834,0.0
26852,0.0
26870,0.0
26888,0.0
26906,0.0
26924,0.0
26942,0.0
26960,0.0
26978,0.0
26996,0.0
27014,0.0
27032,0.0
27050,0.0
27068,0.0
27086,0.0
27104,0.0
27122,0.0
27140,0.0
27158,0.0
27176,0.0
27194,0.0
27212,0.0
27230,0.0
27248,0.0
27266,0.0
27284,0.0
27302,0.0
27320,0.0
27338,0.0
27356,0.0
27374,0.0
27392,0.0
27410,0.0
27428,0.0
27446,0.0
27464,0.0
27482,0.0
27500,0.0
27518,0.0
27536,0.0
27554,0.0
27572,0.0
27590,0.0
27608,0.0
27626,0.0
27644,0.0
27662,0.0
27680,0.0
27698,0.0
27716,0.0
27734,0.0
27752,0.0
27770,0.0
27788,0.0
27806,0.0
27824,0.0
27842,0.0
27860,0.0
27878,0.0
27896,0.0
27914,0.0
27932,0.0
27950,0.0
27968,0.0
27986,0.0
28004,0.0
28022,0.0
28040,0.0
28058,0.0
28076,0.0
28094,0.0
28112,0.0
28130,0.0
28148,0.0
28166,0.0
28184,0.0
28202,0.0
28220,0.0
28238,0.0
28256,0.0
28274,0.0
28292,0.0
28310,0.0
28328,0.0
28346,0.0
28364,0.0
28382,0.0
28400,0.0
28418,0.0
28436,0.0
28454,0.0
28472,0.0
28490,0.0
28508,0.0
28526,0.0
28544,0.0
28562,0.0
28580,0.0
28598,0.0
28616,0.0
28634,0.0
28652,0.0
28670,0.0
28688,0.0
28706,0.0
28724,0.0
28742,0.0
28760,0.0
28778,0.0
28796,0.0
28814,0.0
28832,0.0
28850,0.0
28868,0.0
28886,0.0
28904,0.0
28922,0.0
28940,0.0
28958,0.0
28976,0.0
28994,0.0
29012,0.0
29030,0.0
29048,0.0
29066,0.0
29084,0.0
29102,0.0
29120,0.0
29138,0.0
29156,0.0
29174,0.0
29192,0.0
29210,0.0
29228,0.0
29246,0.0
29264,0.0
29282,0.0
29300,0.0
29318,0.0
29336,0.0
29354,0.0
29372,0.0
29390,0.0
29408,0.0
29426,0.0
29444,0.0
29462,0.0
29480,0.0
29498,0.0
29516,0.0
29534,0.0
29552,0.0
29570,0.0
29588,0.0
29606,0.0
29624,0.0
29642,0.0
29660,0.0
29678,0.0
29696,0.0
29714,0.0
29732,0.0
29750,0.0
29768,0.0
29786,0.0
29804,0.0
29822,0.0
29840,0.0
29858,0.0
29876,0.0
29894,0.0
29912,0.0
29930,0.0
29948,0.0
29966,0.0
29984,0.0
30002,0.0
30020,0.0
30038,0.0
30056,0.0
30074,0.0
30092,0.0
30110,0.0
30128,0.0
30146,0.0
30164,0.0
30182,0.0
30200,0.0
30218,0.0
30236,0.0
30254,0.0
30272,0.0
30290,0.0
30308,0.0
30326,0.0
30344,0.0
30362,0.0
30380,0.0
30398,0.0
30416,0.0
30434,0.0
30452,0.0
30470,0.0
30488,0.0
30506,0.0
30524,0.0
30542,0.0
30560,0.0
30578,0.0
30596,0.0
30614,0.0
30632,0.0
30650,0.0
30668,0.0
30686,0.0
30704,0.0
30722,0.0
30740,0.0
30758,0.0
30776,0.0
30794,0.0
30812,0.0
30830,0.0
30848,0.0
30866,0.0
30884,0.0
30902,0.0
30920,0.0
30938,0.0
30956,0.0
30974,0.0
30992,0.0
31010,0.0
31028,0.0
31046,0.0
31064,0.0
31082,0.0
31100,0.0
31118,0.0
31136,0.0
31154,0.0
31172,0.0
31190,0.0
31208,0.0
31226,0.0
31244,0.0
31262,0.0
31280,0.0
31298,0.0
31316,0.0
31334,0.0
31352,0.0
31370,0.0
31388,0.0
31406,0.0
31424,0.0
31442,0.0
31460,0.0
31478,0.0
31496,0.0
31514,0.0
31532,0.0
31550,0.0
31568,0.0
31586,0.0
31604,0.0
31622,0.0
31640,0.0
31658,0.0
31676,0.0
31694,0.0
31712,0.0
31730,0.0
31748,0.0
31766,0.0
31784,0.0
31802,0.0
31820,0.0
31838,0.0
31856,0.0
31874,0.0
31892,0.0
31910,0.0
31928,0.0
31946,0.0
31964,0.0
31982,0.0
32000,0.0
32018,0.0
32036,0.0
32054,0.0
32072,0.0
32090,0.0
32108,0.0
32126,0.0
32144,0.0
32162,0.0
32180,0.0
32198,0.0
32216,0.0
32234,0.0
32252,0.0
32270,0.0
32288,0.0
32306,0.0
32324,0.0
32342,0.0
32360,0.0
32378,0.0
32396,0.0
32414,0.0
32432,0.0
32450,0.0
32468,0.0
32486,0.0
32504,0.0
32522,0.0
32540,0.0
32558,0.0
32576,0.0
32594,0.0
32612,0.0
32630,0.0
32648,0.0
32666,0.0
32684,0.0
32702,0.0
32720,0.0
32738,0.0
32756,0.0
32774,0.0
32792,0.0
32810,0.0
32828,0.0
32846,0.0
32864,0.0
26314,1064.7681049209496
26332,925.1118413266469
26350,802.1725227160211
26368,996.4874441512059
26386,853.5237180906689
26404,906.3053564603221
26422,952.4447527611636
26440,866.9025442571167
26458,1020.8192110622483
26476,798.8703078908414
26494,956.8998935014101
26512,659.7903702265808
26530,639.1076350581856
26548,608.0549593802145
26566,574.0235146035898
26584,698.970567022866
26602,570.9980589998179
26620,729.9868599954121
26638,659.1967644494015
26656,578.6534605702285
26674,1061.8926108251353
26692,0.0
26710,0.0
26728,0.0
26746,0.0
26764,0.0
26782,0.0
26800,0.0
26818,0.0
26836,0.0
26854,0.0
26872,0.0
26890,0.0
26908,0.0
26926,0.0
26944,0.0
26962,0.0
26980,0.0
26998,0.0
27016,0.0
27034,0.0
27052,0.0
27070,0.0
27088,0.0
27106,0.0
27124,0.0
27142,0.0
27160,0.0
27178,0.0
27196,0.0
27214,0.0
27232,0.0
27250,0.0
27268,0.0
27286,0.0
27304,0.0
27322,0.0
27340,0.0
27358,0.0
27376,0.0
27394,0.0
27412,0.0
27430,0.0
27448,0.0
27466,0.0
27484,0.0
27502,0.0
27520,0.0
27538,0.0
27556,0.0
27574,0.0
27592,0.0
27610,0.0
27628,0.0
27646,0.0
27664,0.0
27682,0.0
27700,0.0
27718,0.0
27736,0.0
27754,0.0
27772,0.0
27790,0.0
27808,0.0
27826,0.0
27844,0.0
27862,0.0
27880,0.0
27898,0.0
27916,0.0
27934,0.0
27952,0.0
27970,0.0
27988,0.0
28006,0.0
28024,0.0
28042,0.0
28060,0.0
28078,0.0
28096,0.0
28114,0.0
28132,0.0
28150,0.0
28168,0.0
28186,0.0
28204,0.0
28222,0.0
28240,0.0
28258,0.0
28276,0.0
28294,0.0
28312,0.0
28330,0.0
28348,0.0
28366,0.0
28384,0.0
28402,0.0
28420,0.0
28438,0.0
28456,0.0
28474,0.0
28492,0.0
28510,0.0
28528,0.0
28546,0.0
28564,0.0
28582,0.0
28600,0.0
28618,0.0
28636,0.0
28654,0.0
28672,0.0
28690,0.0
28708,0.0
28726,0.0
28744,0.0
28762,0.0
28780,0.0
28798,0.0
28816,0.0
28834,0.0
28852,0.0
28870,0.0
28888,0.0
28906,0.0
28924,0.0
28942,0.0
28960,0.0
28978,0.0
28996,0.0
29014,0.0
29032,0.0
29050,0.0
29068,0.0
29086,0.0
29104,0.0
29122,0.0
29140,0.0
29158,0.0
29176,0.0
29194,0.0
29212,0.0
29230,0.0
29248,0.0
29266,0.0
29284,0.0
29302,0.0
29320,0.0
29338,0.0
29356,0.0
29374,0.0
29392,0.0
29410,0.0
29428,0.0
29446,0.0
29464,0.0
29482,0.0
29500,0.0
29518,0.0
29536,0.0
29554,0.0
29572,0.0
29590,0.0
29608,0.0
29626,0.0
29644,0.0
29662,0.0
29680,0.0
29698,0.0
29716,0.0
29734,0.0
29752,0.0
29770,0.0
29788,0.0
29806,0.0
29824,0.0
29842,0.0
29860,0.0
29878,0.0
29896,0.0
29914,0.0
29932,0.0
29950,0.0
29968,0.0
29986,0.0
30004,0.0
30022,0.0
30040,0.0
30058,0.0
30076,0.0
30094,0.0
30112,0.0
30130,0.0
30148,0.0
30166,0.0
30184,0.0
30202,0.0
30220,0.0
30238,0.0
30256,0.0
30274,0.0
30292,0.0
30310,0.0
30328,0.0
30346,0.0
30364,0.0
30382,0.0
30400,0.0
30418,0.0
30436,0.0
30454,0.0
30472,0.0
30490,0.0
30508,0.0
30526,0.0
30544,0.0
30562,0.0
30580,0.0
30598,0.0
30616,0.0
30634,0.0
30652,0.0
30670,0.0
30688,0.0
30706,0.0
30724,0.0
30742,0.0
30760,0.0
30778,0.0
30796,0.0
30814,0.0
30832,0.0
30850,0.0
30868,0.0
30886,0.0
30904,0.0
30922,0.0
30940,0.0
30958,0.0
30976,0.0
30994,0.0
31012,0.0
31030,0.0
31048,0.0
31066,0.0
31084,0.0
31102,0.0
31120,0.0
31138,0.0
31156,0.0
31174,0.0
31192,0.0
31210,0.0
31228,0.0
31246,0.0
31264,0.0
31282,0.0
31300,0.0
31318,0.0
31336,0.0
31354,0.0
31372,0.0
31390,0.0
31408,0.0
31426,0.0
31444,0.0
31462,0.0
31480,0.0
31498,0.0
31516,0.0
31534,0.0
31552,0.0
31570,0.0
31588,0.0
31606,0.0
31624,0.0
31642,0.0
31660,0.0
31678,0.0
31696,0.0
31714,0.0
31732,0.0
31750,0.0
31768,0.0
31786,0.0
31804,0.0
31822,0.0
31840,0.0
31858,0.0
31876,0.0
31894,0.0
31912,0.0
31930,0.0
31948,0.0
31966,0.0
31984,0.0
32002,0.0
32020,0.0
32038,0.0
32056,0.0
32074,0.0
32092,0.0
32110,0.0
32128,0.0
32146,0.0
32164,0.0
32182,0.0
32200,0.0
32218,0.0
32236,0.0
32254,0.0
32272,0.0
32290,0.0
32308,0.0
32326,0.0
32344,0.0
32362,0.0
32380,0.0
32398,0.0
32416,0.0
32434,0.0
32452,0.0
32470,0.0
32488,0.0
32506,0.0
32524,0.0
32542,0.0
32560,0.0
32578,0.0
32596,0.0
32614,0.0
32632,0.0
32650,0.0
32668,0.0
32686,0.0
32704,0.0
32722,0.0
32740,0.0
32758,0.0
32776,0.0
32794,0.0
32812,0.0
32830,0.0
32848,0.0
32866,0.0
26313,696.2198642137678
26331,563.3229859367581
26349,454.6643116348223
26367,522.1790103460025
26385,426.0159052290316
26403,429.235608410702
26421,435.79877089933075
26439,381.86764889289947
26457,484.0911394668893
26475,363.6631407146613
26493,468.99664227894857
26511,336.16911231955953
26529,364.061051346759
26547,383.61696302291426
26565,394.34796578855367
26583,489.3599260766846
26601,431.50236373476866
26619,528.4669101547237
26637,485.6456093860836
26655,417.15193923427597
26673,708.3494683067437
26691,0.0
26709,0.0
26727,0.0
26745,0.0
26763,0.0
26781,0.0
26799,0.0
26817,0.0
26835,0.0
26853,0.0
26871,0.0
26889,0.0
26907,0.0
26925,0.0
26943,0.0
26961,0.0
26979,0.0
26997,0.0
27015,0.0
27033,0.0
27051,0.0
27069,0.0
27087,0.0
27105,0.0
27123,0.0
27141,0.0
27159,0.0
27177,0.0
27195,0.0
27213,0.0
27231,0.0
27249,0.0
27267,0.0
27285,0.0
27303,0.0
27321,0.0
27339,0.0
27357,0.0
27375,0.0
27393,0.0
27411,0.0
27429,0.0
27447,0.0
27465,0.0
27483,0.0
27501,0.0
27519,0.0
27537,0.0
27555,0.0
27573,0.0
27591,0.0
27609,0.0
27627,0.0
27645,0.0
27663,0.0
27681,0.0
27699,0.0
27717,0.0
27735,0.0
27753,0.0
27771,0.0
27789,0.0
27807,0.0
27825,0.0
27843,0.0
27861,0.0
27879,0.0
27897,0.0
27915,0.0
27933,0.0
27951,0.0
27969,0.0
27987,0.0
28005,0.0
28023,0.0
28041,0.0
28059,0.0
28077,0.0
28095,0.0
28113,0.0
28131,0.0
28149,0.0
28167,0.0
28185,0.0
28203,0.0
28221,0.0
28239,0.0
28257,0.0
28275,0.0
28293,0.0
28311,0.0
28329,0.0
28347,0.0
28365,0.0
28383,0.0
28401,0.0
28419,0.0
28437,0.0
28455,0.0
28473,0.0
28491,0.0
28509,0.0
28527,0.0
28545,0.0
28563,0.0
28581,0.0
28599,0.0
28617,0.0
28635,0.0
28653,0.0
28671,0.0
28689,0.0
28707,0.0
28725,0.0
28743,0.0
28761,0.0
28779,0.0
28797,0.0
28815,0.0
28833,0.0
28851,0.0
28869,0.0
28887,0.0
28905,0.0
28923,0.0
28941,0.0
28959,0.0
28977,0.0
28995,0.0
29013,0.0
29031,0.0
29049,0.0
29067,0.0
29085,0.0
29103,0.0
29121,0.0
29139,0.0
29157,0.0
29175,0.0
29193,0.0
29211,0.0
29229,0.0
29247,0.0
29265,0.0
29283,0.0
29301,0.0
29319,0.0
29337,0.0
29355,0.0
29373,0.0
29391,0.0
29409,0.0
29427,0.0
29445,0.0
29463,0.0
29481,0.0
29499,0.0
29517,0.0
29535,0.0
29553,0.0
29571,0.0
29589,0.0
29607,0.0
29625,0.0
29643,0.0
29661,0.0
29679,0.0
29697,0.0
29715,0.0
29733,0.0
29751,0.0
29769,0.0
29787,0.0
29805,0.0
29823,0.0
29841,0.0
29859,0.0
29877,0.0
29895,0.0
29913,0.0
29931,0.0
29949,0.0
29967,0.0
29985,0.0
30003,0.0
30021,0.0
30039,0.0
30057,0.0
30075,0.0
30093,0.0
30111,0.0
30129,0.0
30147,0.0
30165,0.0
30183,0.0
30201,0.0
30219,0.0
30237,0.0
30255,0.0
30273,0.0
30291,0.0
30309,0.0
30327,0.0
30345,0.0
30363,0.0
30381,0.0
30399,0.0
30417,0.0
30435,0.0
30453,0.0
30471,0.0
30489,0.0
30507,0.0
30525,0.0
30543,0.0
30561,0.0
30579,0.0
30597,0.0
30615,0.0
30633,0.0
30651,0.0
30669,0.0
30687,0.0
30705,0.0
30723,0.0
30741,0.0
30759,0.0
30777,0.0
30795,0.0
30813,0.0
30831,0.0
30849,0.0
30867,0.0
30885,0.0
30903,0.0
30921,0.0
30939,0.0
30957,0.0
30975,0.0
30993,0.0
31011,0.0
31029,0.0
31047,0.0
31065,0.0
31083,0.0
31101,0.0
31119,0.0
31137,0.0
31155,0.0
31173,0.0
31191,0.0
31209,0.0
31227,0.0
31245,0.0
31263,0.0
31281,0.0
31299,0.0
31317,0.0
31335,0.0
31353,0.0
31371,0.0
31389,0.0
31407,0.0
31425,0.0
31443,0.0
31461,0.0
31479,0.0
31497,0.0
31515,0.0
31533,0.0
31551,0.0
31569,0.0
31587,0.0
31605,0.0
31623,0.0
31641,0.0
31659,0.0
31677,0.0
31695,0.0
31713,0.0
31731,0.0
31749,0.0
31767,0.0
31785,0.0
31803,0.0
31821,0.0
31839,0.0
31857,0.0
31875,0.0
31893,0.0
31911,0.0
31929,0.0
31947,0.0
31965,0.0
31983,0.0
32001,0.0
32019,0.0
32037,0.0
32055,0.0
32073,0.0
32091,0.0
32109,0.0
32127,0.0
32145,0.0
32163,0.0
32181,0.0
32199,0.0
32217,0.0
32235,0.0
32253,0.0
32271,0.0
32289,0.0
32307,0.0
32325,0.0
32343,0.0
32361,0.0
32379,0.0
32397,0.0
32415,0.0
32433,0.0
32451,0.0
32469,0.0
32487,0.0
32505,0.0
32523,0.0
32541,0.0
32559,0.0
32577,0.0
32595,0.0
32613,0.0
32631,0.0
32649,0.0
32667,0.0
32685,0.0
32703,0.0
32721,0.0
32739,0.0
32757,0.0
32775,0.0
32793,0.0
32811,0.0
32829,0.0
32847,0.0
32865,0.0
26315,305.14445052873765
26333,251.55711303070413
26351,205.57641641534298
26369,248.00635919933688
26387,203.55816997665588
26405,212.02155193217484
26423,226.6872567257909
26441,206.68045681633782
26459,266.73496650857567
26477,211.57461754614002
26495,268.0957899265062
26513,198.7166525433562
26531,202.999239533816
26549,205.97330320436902
26567,204.6239932186973
26585,246.85651434996947
26603,207.74941629561033
26621,248.25183910339996
26639,218.2167723319097
26657,179.44373330558656
26675,310.6713923890346
26693,0.0
26711,0.0
26729,0.0
26747,0.0
26765,0.0
26783,0.0
26801,0.0
26819,0.0
26837,0.0
26855,0.0
26873,0.0
26891,0.0
26909,0.0
26927,0.0
26945,0.0
26963,0.0
26981,0.0
26999,0.0
27017,0.0
27035,0.0
27053,0.0
27071,0.0
27089,0.0
27107,0.0
27125,0.0
27143,0.0
27161,0.0
27179,0.0
27197,0.0
27215,0.0
27233,0.0
27251,0.0
27269,0.0
27287,0.0
27305,0.0
27323,0.0
27341,0.0
27359,0.0
27377,0.0
27395,0.0
27413,0.0
27431,0.0
27449,0.0
27467,0.0
27485,0.0
27503,0.0
27521,0.0
27539,0.0
27557,0.0
27575,0.0
27593,0.0
27611,0.0
27629,0.0
27647,0.0
27665,0.0
27683,0.0
27701,0.0
27719,0.0
27737,0.0
27755,0.0
27773,0.0
27791,0.0
27809,0.0
27827,0.0
27845,0.0
27863,0.0
27881,0.0
27899,0.0
27917,0.0
27935,0.0
27953,0.0
27971,0.0
27989,0.0
28007,0.0
28025,0.0
28043,0.0
28061,0.0
28079,0.0
28097,0.0
28115,0.0
28133,0.0
28151,0.0
28169,0.0
28187,0.0
28205,0.0
28223,0.0
28241,0.0
28259,0.0
28277,0.0
28295,0.0
28313,0.0
28331,0.0
28349,0.0
28367,0.0
28385,0.0
28403,0.0
28421,0.0
28439,0.0
28457,0.0
28475,0.0
28493,0.0
28511,0.0
28529,0.0
28547,0.0
28565,0.0
28583,0.0
28601,0.0
28619,0.0
28637,0.0
28655,0.0
28673,0.0
28691,0.0
28709,0.0
28727,0.0
28745,0.0
28763,0.0
28781,0.0
28799,0.0
28817,0.0
28835,0.0
28853,0.0
28871,0.0
28889,0.0
28907,0.0
28925,0.0
28943,0.0
28961,0.0
28979,0.0
28997,0.0
29015,0.0
29033,0.0
29051,0.0
29069,0.0
29087,0.0
29105,0.0
29123,0.0
29141,0.0
29159,0.0
29177,0.0
29195,0.0
29213,0.0
29231,0.0
29249,0.0
29267,0.0
29285,0.0
29303,0.0
29321,0.0
29339,0.0
29357,0.0
29375,0.0
29393,0.0
29411,0.0
29429,0.0
29447,0.0
29465,0.0
29483,0.0
29501,0.0
29519,0.0
29537,0.0
29555,0.0
29573,0.0
29591,0.0
29609,0.0
29627,0.0
29645,0.0
29663,0.0
29681,0.0
29699,0.0
29717,0.0
29735,0.0
29753,0.0
29771,0.0
29789,0.0
29807,0.0
29825,0.0
29843,0.0
29861,0.0
29879,0.0
29897,0.0
29915,0.0
29933,0.0
29951,0.0
29969,0.0
29987,0.0
30005,0.0
30023,0.0
30041,0.0
30059,0.0
30077,0.0
30095,0.0
30113,0.0
30131,0.0
30149,0.0
30167,0.0
30185,0.0
30203,0.0
30221,0.0
30239,0.0
30257,0.0
30275,0.0
30293,0.0
30311,0.0
30329,0.0
30347,0.0
30365,0.0
30383,0.0
30401,0.0
30419,0.0
30437,0.0
30455,0.0
30473,0.0
30491,0.0
30509,0.0
30527,0.0
30545,0.0
30563,0.0
30581,0.0
30599,0.0
30617,0.0
30635,0.0
30653,0.0
30671,0.0
30689,0.0
30707,0.0
30725,0.0
30743,0.0
30761,0.0
30779,0.0
30797,0.0
30815,0.0
30833,0.0
30851,0.0
30869,0.0
30887,0.0
30905,0.0
30923,0.0
30941,0.0
30959,0.0
30977,0.0
30995,0.0
31013,0.0
31031,0.0
31049,0.0
31067,0.0
31085,0.0
31103,0.0
31121,0.0
31139,0.0
31157,0.0
31175,0.0
31193,0.0
31211,0.0
31229,0.0
31247,0.0
31265,0.0
31283,0.0
31301,0.0
31319,0.0
31337,0.0
31355,0.0
31373,0.0
31391,0.0
31409,0.0
31427,0.0
31445,0.0
31463,0.0
31481,0.0
31499,0.0
31517,0.0
31535,0.0
31553,0.0
31571,0.0
31589,0.0
31607,0.0
31625,0.0
31643,0.0
31661,0.0
31679,0.0
31697,0.0
31715,0.0
31733,0.0
31751,0.0
31769,0.0
31787,0.0
31805,0.0
31823,0.0
31841,0.0
31859,0.0
31877,0.0
31895,0.0
31913,0.0
31931,0.0
31949,0.0
31967,0.0
31985,0.0
32003,0.0
32021,0.0
32039,0.0
32057,0.0
32075,0.0
32093,0.0
32111,0.0
32129,0.0
32147,0.0
32165,0.0
32183,0.0
32201,0.0
32219,0.0
32237,0.0
32255,0.0
32273,0.0
32291,0.0
32309,0.0
32327,0.0
32345,0.0
32363,0.0
32381,0.0
32399,0.0
32417,0.0
32435,0.0
32453,0.0
32471,0.0
32489,0.0
32507,0.0
32525,0.0
32543,0.0
32561,0.0
32579,0.0
32597,0.0
32615,0.0
32633,0.0
32651,0.0
32669,0.0
32687,0.0
32705,0.0
32723,0.0
32741,0.0
32759,0.0
32777,0.0
32795,0.0
32813,0.0
32831,0.0
32849,0.0
32867,0.0
